RNBC1_NREP10_tag35_A10,Miseq
RNBC1_NREP10_tag35_A11,Miseq
RNBC1_NREP10_tag35_A12,Miseq
RNBC1_NREP10_tag35_A1,Miseq
RNBC1_NREP10_tag35_A2,Miseq
RNBC1_NREP10_tag35_A3,Miseq
RNBC1_NREP10_tag35_A4,Miseq
RNBC1_NREP10_tag35_A5,Miseq
RNBC1_NREP10_tag35_A6,Miseq
RNBC1_NREP10_tag35_A7,Miseq
RNBC1_NREP10_tag35_A8,Miseq
RNBC1_NREP10_tag35_A9,Miseq
RNBC1_NREP10_tag35_B10,Miseq
RNBC1_NREP10_tag35_B11,Miseq
RNBC1_NREP10_tag35_B12,Miseq
RNBC1_NREP10_tag35_B1,Miseq
RNBC1_NREP10_tag35_B2,Miseq
RNBC1_NREP10_tag35_B3,Miseq
RNBC1_NREP10_tag35_B4,Miseq
RNBC1_NREP10_tag35_B5,Miseq
RNBC1_NREP10_tag35_B6,Miseq
RNBC1_NREP10_tag35_B7,Miseq
RNBC1_NREP10_tag35_B8,Miseq
RNBC1_NREP10_tag35_B9,Miseq
RNBC1_NREP10_tag35_C10,Miseq
RNBC1_NREP10_tag35_C11,Miseq
RNBC1_NREP10_tag35_C12,Miseq
RNBC1_NREP10_tag35_C1,Miseq
RNBC1_NREP10_tag35_C2,Miseq
RNBC1_NREP10_tag35_C3,Miseq
RNBC1_NREP10_tag35_C4,Miseq
RNBC1_NREP10_tag35_C5,Miseq
RNBC1_NREP10_tag35_C6,Miseq
RNBC1_NREP10_tag35_C7,Miseq
RNBC1_NREP10_tag35_C8,Miseq
RNBC1_NREP10_tag35_C9,Miseq
RNBC1_NREP10_tag35_D10,Miseq
RNBC1_NREP10_tag35_D11,Miseq
RNBC1_NREP10_tag35_D12,Miseq
RNBC1_NREP10_tag35_D1,Miseq
RNBC1_NREP10_tag35_D2,Miseq
RNBC1_NREP10_tag35_D3,Miseq
RNBC1_NREP10_tag35_D4,Miseq
RNBC1_NREP10_tag35_D5,Miseq
RNBC1_NREP10_tag35_D6,Miseq
RNBC1_NREP10_tag35_D7,Miseq
RNBC1_NREP10_tag35_D8,Miseq
RNBC1_NREP10_tag35_D9,Miseq
RNBC1_NREP10_tag35_E10,Miseq
RNBC1_NREP10_tag35_E11,Miseq
RNBC1_NREP10_tag35_E12,Miseq
RNBC1_NREP10_tag35_E1,Miseq
RNBC1_NREP10_tag35_E2,Miseq
RNBC1_NREP10_tag35_E3,Miseq
RNBC1_NREP10_tag35_E4,Miseq
RNBC1_NREP10_tag35_E5,Miseq
RNBC1_NREP10_tag35_E6,Miseq
RNBC1_NREP10_tag35_E7,Miseq
RNBC1_NREP10_tag35_E8,Miseq
RNBC1_NREP10_tag35_E9,Miseq
RNBC1_NREP10_tag35_F10,Miseq
RNBC1_NREP10_tag35_F11,Miseq
RNBC1_NREP10_tag35_F12,Miseq
RNBC1_NREP10_tag35_F1,Miseq
RNBC1_NREP10_tag35_F2,Miseq
RNBC1_NREP10_tag35_F3,Miseq
RNBC1_NREP10_tag35_F4,Miseq
RNBC1_NREP10_tag35_F5,Miseq
RNBC1_NREP10_tag35_F6,Miseq
RNBC1_NREP10_tag35_F7,Miseq
RNBC1_NREP10_tag35_F8,Miseq
RNBC1_NREP10_tag35_F9,Miseq
RNBC1_NREP10_tag35_G10,Miseq
RNBC1_NREP10_tag35_G11,Miseq
RNBC1_NREP10_tag35_G12,Miseq
RNBC1_NREP10_tag35_G1,Miseq
RNBC1_NREP10_tag35_G2,Miseq
RNBC1_NREP10_tag35_G3,Miseq
RNBC1_NREP10_tag35_G4,Miseq
RNBC1_NREP10_tag35_G5,Miseq
RNBC1_NREP10_tag35_G6,Miseq
RNBC1_NREP10_tag35_G7,Miseq
RNBC1_NREP10_tag35_G8,Miseq
RNBC1_NREP10_tag35_G9,Miseq
RNBC1_NREP10_tag35_H10,Miseq
RNBC1_NREP10_tag35_H11,Miseq
RNBC1_NREP10_tag35_H12,Miseq
RNBC1_NREP10_tag35_H1,Miseq
RNBC1_NREP10_tag35_H2,Miseq
RNBC1_NREP10_tag35_H3,Miseq
RNBC1_NREP10_tag35_H4,Miseq
RNBC1_NREP10_tag35_H5,Miseq
RNBC1_NREP10_tag35_H6,Miseq
RNBC1_NREP10_tag35_H7,Miseq
RNBC1_NREP10_tag35_H8,Miseq
RNBC1_NREP10_tag35_H9,Miseq
RNBC1_NREP11_tag36_A10,Miseq
RNBC1_NREP11_tag36_A11,Miseq
RNBC1_NREP11_tag36_A12,Miseq
RNBC1_NREP11_tag36_A1,Miseq
RNBC1_NREP11_tag36_A2,Miseq
RNBC1_NREP11_tag36_A3,Miseq
RNBC1_NREP11_tag36_A4,Miseq
RNBC1_NREP11_tag36_A5,Miseq
RNBC1_NREP11_tag36_A6,Miseq
RNBC1_NREP11_tag36_A7,Miseq
RNBC1_NREP11_tag36_A8,Miseq
RNBC1_NREP11_tag36_A9,Miseq
RNBC1_NREP11_tag36_B10,Miseq
RNBC1_NREP11_tag36_B12,Miseq
RNBC1_NREP11_tag36_B1,Miseq
RNBC1_NREP11_tag36_B2,Miseq
RNBC1_NREP11_tag36_B3,Miseq
RNBC1_NREP11_tag36_B4,Miseq
RNBC1_NREP11_tag36_B5,Miseq
RNBC1_NREP11_tag36_B6,Miseq
RNBC1_NREP11_tag36_B7,Miseq
RNBC1_NREP11_tag36_B8,Miseq
RNBC1_NREP11_tag36_B9,Miseq
RNBC1_NREP11_tag36_C10,Miseq
RNBC1_NREP11_tag36_C11,Miseq
RNBC1_NREP11_tag36_C12,Miseq
RNBC1_NREP11_tag36_C1,Miseq
RNBC1_NREP11_tag36_C2,Miseq
RNBC1_NREP11_tag36_C3,Miseq
RNBC1_NREP11_tag36_C4,Miseq
RNBC1_NREP11_tag36_C5,Miseq
RNBC1_NREP11_tag36_C6,Miseq
RNBC1_NREP11_tag36_C7,Miseq
RNBC1_NREP11_tag36_C8,Miseq
RNBC1_NREP11_tag36_C9,Miseq
RNBC1_NREP11_tag36_D10,Miseq
RNBC1_NREP11_tag36_D11,Miseq
RNBC1_NREP11_tag36_D12,Miseq
RNBC1_NREP11_tag36_D1,Miseq
RNBC1_NREP11_tag36_D2,Miseq
RNBC1_NREP11_tag36_D3,Miseq
RNBC1_NREP11_tag36_D4,Miseq
RNBC1_NREP11_tag36_D7,Miseq
RNBC1_NREP11_tag36_D8,Miseq
RNBC1_NREP11_tag36_D9,Miseq
RNBC1_NREP11_tag36_E10,Miseq
RNBC1_NREP11_tag36_E11,Miseq
RNBC1_NREP11_tag36_E12,Miseq
RNBC1_NREP11_tag36_E1,Miseq
RNBC1_NREP11_tag36_E2,Miseq
RNBC1_NREP11_tag36_E3,Miseq
RNBC1_NREP11_tag36_E4,Miseq
RNBC1_NREP11_tag36_E5,Miseq
RNBC1_NREP11_tag36_E6,Miseq
RNBC1_NREP11_tag36_E7,Miseq
RNBC1_NREP11_tag36_E8,Miseq
RNBC1_NREP11_tag36_E9,Miseq
RNBC1_NREP11_tag36_F10,Miseq
RNBC1_NREP11_tag36_F11,Miseq
RNBC1_NREP11_tag36_F12,Miseq
RNBC1_NREP11_tag36_F1,Miseq
RNBC1_NREP11_tag36_F2,Miseq
RNBC1_NREP11_tag36_F3,Miseq
RNBC1_NREP11_tag36_F4,Miseq
RNBC1_NREP11_tag36_F5,Miseq
RNBC1_NREP11_tag36_F6,Miseq
RNBC1_NREP11_tag36_F7,Miseq
RNBC1_NREP11_tag36_F8,Miseq
RNBC1_NREP11_tag36_F9,Miseq
RNBC1_NREP11_tag36_G10,Miseq
RNBC1_NREP11_tag36_G11,Miseq
RNBC1_NREP11_tag36_G12,Miseq
RNBC1_NREP11_tag36_G1,Miseq
RNBC1_NREP11_tag36_G2,Miseq
RNBC1_NREP11_tag36_G3,Miseq
RNBC1_NREP11_tag36_G4,Miseq
RNBC1_NREP11_tag36_G5,Miseq
RNBC1_NREP11_tag36_G6,Miseq
RNBC1_NREP11_tag36_G7,Miseq
RNBC1_NREP11_tag36_G8,Miseq
RNBC1_NREP11_tag36_G9,Miseq
RNBC1_NREP11_tag36_H10,Miseq
RNBC1_NREP11_tag36_H11,Miseq
RNBC1_NREP11_tag36_H12,Miseq
RNBC1_NREP11_tag36_H1,Miseq
RNBC1_NREP11_tag36_H2,Miseq
RNBC1_NREP11_tag36_H3,Miseq
RNBC1_NREP11_tag36_H4,Miseq
RNBC1_NREP11_tag36_H5,Miseq
RNBC1_NREP11_tag36_H6,Miseq
RNBC1_NREP11_tag36_H7,Miseq
RNBC1_NREP11_tag36_H8,Miseq
RNBC1_NREP11_tag36_H9,Miseq
RNBC1_NREP12_tag37_A10,Miseq
RNBC1_NREP12_tag37_A11,Miseq
RNBC1_NREP12_tag37_A12,Miseq
RNBC1_NREP12_tag37_A1,Miseq
RNBC1_NREP12_tag37_A2,Miseq
RNBC1_NREP12_tag37_A3,Miseq
RNBC1_NREP12_tag37_A4,Miseq
RNBC1_NREP12_tag37_A5,Miseq
RNBC1_NREP12_tag37_A6,Miseq
RNBC1_NREP12_tag37_A7,Miseq
RNBC1_NREP12_tag37_A8,Miseq
RNBC1_NREP12_tag37_A9,Miseq
RNBC1_NREP12_tag37_B10,Miseq
RNBC1_NREP12_tag37_B11,Miseq
RNBC1_NREP12_tag37_B12,Miseq
RNBC1_NREP12_tag37_B1,Miseq
RNBC1_NREP12_tag37_B2,Miseq
RNBC1_NREP12_tag37_B3,Miseq
RNBC1_NREP12_tag37_B4,Miseq
RNBC1_NREP12_tag37_B5,Miseq
RNBC1_NREP12_tag37_B6,Miseq
RNBC1_NREP12_tag37_B7,Miseq
RNBC1_NREP12_tag37_B8,Miseq
RNBC1_NREP12_tag37_B9,Miseq
RNBC1_NREP12_tag37_C10,Miseq
RNBC1_NREP12_tag37_C11,Miseq
RNBC1_NREP12_tag37_C12,Miseq
RNBC1_NREP12_tag37_C1,Miseq
RNBC1_NREP12_tag37_C2,Miseq
RNBC1_NREP12_tag37_C3,Miseq
RNBC1_NREP12_tag37_C4,Miseq
RNBC1_NREP12_tag37_C5,Miseq
RNBC1_NREP12_tag37_C6,Miseq
RNBC1_NREP12_tag37_C7,Miseq
RNBC1_NREP12_tag37_C8,Miseq
RNBC1_NREP12_tag37_C9,Miseq
RNBC1_NREP12_tag37_D10,Miseq
RNBC1_NREP12_tag37_D11,Miseq
RNBC1_NREP12_tag37_D12,Miseq
RNBC1_NREP12_tag37_D1,Miseq
RNBC1_NREP12_tag37_D2,Miseq
RNBC1_NREP12_tag37_D3,Miseq
RNBC1_NREP12_tag37_D4,Miseq
RNBC1_NREP12_tag37_D5,Miseq
RNBC1_NREP12_tag37_D6,Miseq
RNBC1_NREP12_tag37_D7,Miseq
RNBC1_NREP12_tag37_D8,Miseq
RNBC1_NREP12_tag37_D9,Miseq
RNBC1_NREP12_tag37_E10,Miseq
RNBC1_NREP12_tag37_E11,Miseq
RNBC1_NREP12_tag37_E12,Miseq
RNBC1_NREP12_tag37_E1,Miseq
RNBC1_NREP12_tag37_E2,Miseq
RNBC1_NREP12_tag37_E3,Miseq
RNBC1_NREP12_tag37_E4,Miseq
RNBC1_NREP12_tag37_E5,Miseq
RNBC1_NREP12_tag37_E6,Miseq
RNBC1_NREP12_tag37_E7,Miseq
RNBC1_NREP12_tag37_E8,Miseq
RNBC1_NREP12_tag37_E9,Miseq
RNBC1_NREP12_tag37_F10,Miseq
RNBC1_NREP12_tag37_F11,Miseq
RNBC1_NREP12_tag37_F12,Miseq
RNBC1_NREP12_tag37_F1,Miseq
RNBC1_NREP12_tag37_F2,Miseq
RNBC1_NREP12_tag37_F3,Miseq
RNBC1_NREP12_tag37_F4,Miseq
RNBC1_NREP12_tag37_F5,Miseq
RNBC1_NREP12_tag37_F6,Miseq
RNBC1_NREP12_tag37_F7,Miseq
RNBC1_NREP12_tag37_F8,Miseq
RNBC1_NREP12_tag37_F9,Miseq
RNBC1_NREP12_tag37_G10,Miseq
RNBC1_NREP12_tag37_G11,Miseq
RNBC1_NREP12_tag37_G12,Miseq
RNBC1_NREP12_tag37_G1,Miseq
RNBC1_NREP12_tag37_G2,Miseq
RNBC1_NREP12_tag37_G3,Miseq
RNBC1_NREP12_tag37_G4,Miseq
RNBC1_NREP12_tag37_G5,Miseq
RNBC1_NREP12_tag37_G6,Miseq
RNBC1_NREP12_tag37_G7,Miseq
RNBC1_NREP12_tag37_G8,Miseq
RNBC1_NREP12_tag37_G9,Miseq
RNBC1_NREP12_tag37_H10,Miseq
RNBC1_NREP12_tag37_H11,Miseq
RNBC1_NREP12_tag37_H12,Miseq
RNBC1_NREP12_tag37_H1,Miseq
RNBC1_NREP12_tag37_H2,Miseq
RNBC1_NREP12_tag37_H3,Miseq
RNBC1_NREP12_tag37_H4,Miseq
RNBC1_NREP12_tag37_H5,Miseq
RNBC1_NREP12_tag37_H6,Miseq
RNBC1_NREP12_tag37_H7,Miseq
RNBC1_NREP12_tag37_H8,Miseq
RNBC1_NREP12_tag37_H9,Miseq
RNBC1_NREP13_tag51_A10,Miseq
RNBC1_NREP13_tag51_A11,Miseq
RNBC1_NREP13_tag51_A12,Miseq
RNBC1_NREP13_tag51_A1,Miseq
RNBC1_NREP13_tag51_A2,Miseq
RNBC1_NREP13_tag51_A3,Miseq
RNBC1_NREP13_tag51_A4,Miseq
RNBC1_NREP13_tag51_A5,Miseq
RNBC1_NREP13_tag51_A6,Miseq
RNBC1_NREP13_tag51_A7,Miseq
RNBC1_NREP13_tag51_A8,Miseq
RNBC1_NREP13_tag51_A9,Miseq
RNBC1_NREP13_tag51_B10,Miseq
RNBC1_NREP13_tag51_B11,Miseq
RNBC1_NREP13_tag51_B12,Miseq
RNBC1_NREP13_tag51_B1,Miseq
RNBC1_NREP13_tag51_B2,Miseq
RNBC1_NREP13_tag51_B3,Miseq
RNBC1_NREP13_tag51_B4,Miseq
RNBC1_NREP13_tag51_B5,Miseq
RNBC1_NREP13_tag51_B6,Miseq
RNBC1_NREP13_tag51_B7,Miseq
RNBC1_NREP13_tag51_B8,Miseq
RNBC1_NREP13_tag51_B9,Miseq
RNBC1_NREP13_tag51_C10,Miseq
RNBC1_NREP13_tag51_C11,Miseq
RNBC1_NREP13_tag51_C12,Miseq
RNBC1_NREP13_tag51_C1,Miseq
RNBC1_NREP13_tag51_C2,Miseq
RNBC1_NREP13_tag51_C3,Miseq
RNBC1_NREP13_tag51_C4,Miseq
RNBC1_NREP13_tag51_C5,Miseq
RNBC1_NREP13_tag51_C6,Miseq
RNBC1_NREP13_tag51_C7,Miseq
RNBC1_NREP13_tag51_C8,Miseq
RNBC1_NREP13_tag51_C9,Miseq
RNBC1_NREP13_tag51_D10,Miseq
RNBC1_NREP13_tag51_D11,Miseq
RNBC1_NREP13_tag51_D12,Miseq
RNBC1_NREP13_tag51_D1,Miseq
RNBC1_NREP13_tag51_D2,Miseq
RNBC1_NREP13_tag51_D3,Miseq
RNBC1_NREP13_tag51_D4,Miseq
RNBC1_NREP13_tag51_D5,Miseq
RNBC1_NREP13_tag51_D6,Miseq
RNBC1_NREP13_tag51_D7,Miseq
RNBC1_NREP13_tag51_D8,Miseq
RNBC1_NREP13_tag51_D9,Miseq
RNBC1_NREP13_tag51_E10,Miseq
RNBC1_NREP13_tag51_E11,Miseq
RNBC1_NREP13_tag51_E12,Miseq
RNBC1_NREP13_tag51_E1,Miseq
RNBC1_NREP13_tag51_E2,Miseq
RNBC1_NREP13_tag51_E3,Miseq
RNBC1_NREP13_tag51_E4,Miseq
RNBC1_NREP13_tag51_E5,Miseq
RNBC1_NREP13_tag51_E6,Miseq
RNBC1_NREP13_tag51_E7,Miseq
RNBC1_NREP13_tag51_E8,Miseq
RNBC1_NREP13_tag51_E9,Miseq
RNBC1_NREP13_tag51_F10,Miseq
RNBC1_NREP13_tag51_F11,Miseq
RNBC1_NREP13_tag51_F12,Miseq
RNBC1_NREP13_tag51_F1,Miseq
RNBC1_NREP13_tag51_F2,Miseq
RNBC1_NREP13_tag51_F3,Miseq
RNBC1_NREP13_tag51_F4,Miseq
RNBC1_NREP13_tag51_F5,Miseq
RNBC1_NREP13_tag51_F6,Miseq
RNBC1_NREP13_tag51_F7,Miseq
RNBC1_NREP13_tag51_F8,Miseq
RNBC1_NREP13_tag51_F9,Miseq
RNBC1_NREP13_tag51_G10,Miseq
RNBC1_NREP13_tag51_G11,Miseq
RNBC1_NREP13_tag51_G12,Miseq
RNBC1_NREP13_tag51_G1,Miseq
RNBC1_NREP13_tag51_G2,Miseq
RNBC1_NREP13_tag51_G3,Miseq
RNBC1_NREP13_tag51_G4,Miseq
RNBC1_NREP13_tag51_G5,Miseq
RNBC1_NREP13_tag51_G6,Miseq
RNBC1_NREP13_tag51_G7,Miseq
RNBC1_NREP13_tag51_G8,Miseq
RNBC1_NREP13_tag51_G9,Miseq
RNBC1_NREP13_tag51_H10,Miseq
RNBC1_NREP13_tag51_H11,Miseq
RNBC1_NREP13_tag51_H12,Miseq
RNBC1_NREP13_tag51_H1,Miseq
RNBC1_NREP13_tag51_H2,Miseq
RNBC1_NREP13_tag51_H3,Miseq
RNBC1_NREP13_tag51_H4,Miseq
RNBC1_NREP13_tag51_H5,Miseq
RNBC1_NREP13_tag51_H6,Miseq
RNBC1_NREP13_tag51_H7,Miseq
RNBC1_NREP13_tag51_H8,Miseq
RNBC1_NREP13_tag51_H9,Miseq
RNBC1_NREP1_tag17_A10,Miseq
RNBC1_NREP1_tag17_A11,Miseq
RNBC1_NREP1_tag17_A12,Miseq
RNBC1_NREP1_tag17_A1,Miseq
RNBC1_NREP1_tag17_A2,Miseq
RNBC1_NREP1_tag17_A3,Miseq
RNBC1_NREP1_tag17_A4,Miseq
RNBC1_NREP1_tag17_A5,Miseq
RNBC1_NREP1_tag17_A6,Miseq
RNBC1_NREP1_tag17_A7,Miseq
RNBC1_NREP1_tag17_A8,Miseq
RNBC1_NREP1_tag17_A9,Miseq
RNBC1_NREP1_tag17_B10,Miseq
RNBC1_NREP1_tag17_B11,Miseq
RNBC1_NREP1_tag17_B12,Miseq
RNBC1_NREP1_tag17_B1,Miseq
RNBC1_NREP1_tag17_B2,Miseq
RNBC1_NREP1_tag17_B3,Miseq
RNBC1_NREP1_tag17_B4,Miseq
RNBC1_NREP1_tag17_B5,Miseq
RNBC1_NREP1_tag17_B6,Miseq
RNBC1_NREP1_tag17_B7,Miseq
RNBC1_NREP1_tag17_B8,Miseq
RNBC1_NREP1_tag17_B9,Miseq
RNBC1_NREP1_tag17_C10,Miseq
RNBC1_NREP1_tag17_C11,Miseq
RNBC1_NREP1_tag17_C12,Miseq
RNBC1_NREP1_tag17_C1,Miseq
RNBC1_NREP1_tag17_C2,Miseq
RNBC1_NREP1_tag17_C3,Miseq
RNBC1_NREP1_tag17_C4,Miseq
RNBC1_NREP1_tag17_C5,Miseq
RNBC1_NREP1_tag17_C6,Miseq
RNBC1_NREP1_tag17_C7,Miseq
RNBC1_NREP1_tag17_C8,Miseq
RNBC1_NREP1_tag17_C9,Miseq
RNBC1_NREP1_tag17_D10,Miseq
RNBC1_NREP1_tag17_D11,Miseq
RNBC1_NREP1_tag17_D12,Miseq
RNBC1_NREP1_tag17_D1,Miseq
RNBC1_NREP1_tag17_D2,Miseq
RNBC1_NREP1_tag17_D3,Miseq
RNBC1_NREP1_tag17_D4,Miseq
RNBC1_NREP1_tag17_D5,Miseq
RNBC1_NREP1_tag17_D6,Miseq
RNBC1_NREP1_tag17_D7,Miseq
RNBC1_NREP1_tag17_D8,Miseq
RNBC1_NREP1_tag17_D9,Miseq
RNBC1_NREP1_tag17_E10,Miseq
RNBC1_NREP1_tag17_E11,Miseq
RNBC1_NREP1_tag17_E12,Miseq
RNBC1_NREP1_tag17_E1,Miseq
RNBC1_NREP1_tag17_E2,Miseq
RNBC1_NREP1_tag17_E3,Miseq
RNBC1_NREP1_tag17_E4,Miseq
RNBC1_NREP1_tag17_E5,Miseq
RNBC1_NREP1_tag17_E6,Miseq
RNBC1_NREP1_tag17_E7,Miseq
RNBC1_NREP1_tag17_E8,Miseq
RNBC1_NREP1_tag17_E9,Miseq
RNBC1_NREP1_tag17_F10,Miseq
RNBC1_NREP1_tag17_F11,Miseq
RNBC1_NREP1_tag17_F12,Miseq
RNBC1_NREP1_tag17_F1,Miseq
RNBC1_NREP1_tag17_F2,Miseq
RNBC1_NREP1_tag17_F3,Miseq
RNBC1_NREP1_tag17_F4,Miseq
RNBC1_NREP1_tag17_F5,Miseq
RNBC1_NREP1_tag17_F6,Miseq
RNBC1_NREP1_tag17_F7,Miseq
RNBC1_NREP1_tag17_F8,Miseq
RNBC1_NREP1_tag17_F9,Miseq
RNBC1_NREP1_tag17_G10,Miseq
RNBC1_NREP1_tag17_G11,Miseq
RNBC1_NREP1_tag17_G12,Miseq
RNBC1_NREP1_tag17_G1,Miseq
RNBC1_NREP1_tag17_G2,Miseq
RNBC1_NREP1_tag17_G3,Miseq
RNBC1_NREP1_tag17_G4,Miseq
RNBC1_NREP1_tag17_G5,Miseq
RNBC1_NREP1_tag17_G6,Miseq
RNBC1_NREP1_tag17_G7,Miseq
RNBC1_NREP1_tag17_G8,Miseq
RNBC1_NREP1_tag17_G9,Miseq
RNBC1_NREP1_tag17_H10,Miseq
RNBC1_NREP1_tag17_H11,Miseq
RNBC1_NREP1_tag17_H12,Miseq
RNBC1_NREP1_tag17_H1,Miseq
RNBC1_NREP1_tag17_H2,Miseq
RNBC1_NREP1_tag17_H3,Miseq
RNBC1_NREP1_tag17_H4,Miseq
RNBC1_NREP1_tag17_H5,Miseq
RNBC1_NREP1_tag17_H6,Miseq
RNBC1_NREP1_tag17_H7,Miseq
RNBC1_NREP1_tag17_H8,Miseq
RNBC1_NREP1_tag17_H9,Miseq
RNBC1_NREP2_tag22_A10,Miseq
RNBC1_NREP2_tag22_A11,Miseq
RNBC1_NREP2_tag22_A12,Miseq
RNBC1_NREP2_tag22_A1,Miseq
RNBC1_NREP2_tag22_A2,Miseq
RNBC1_NREP2_tag22_A3,Miseq
RNBC1_NREP2_tag22_A4,Miseq
RNBC1_NREP2_tag22_A5,Miseq
RNBC1_NREP2_tag22_A6,Miseq
RNBC1_NREP2_tag22_A7,Miseq
RNBC1_NREP2_tag22_A8,Miseq
RNBC1_NREP2_tag22_A9,Miseq
RNBC1_NREP2_tag22_B10,Miseq
RNBC1_NREP2_tag22_B11,Miseq
RNBC1_NREP2_tag22_B12,Miseq
RNBC1_NREP2_tag22_B1,Miseq
RNBC1_NREP2_tag22_B2,Miseq
RNBC1_NREP2_tag22_B3,Miseq
RNBC1_NREP2_tag22_B4,Miseq
RNBC1_NREP2_tag22_B5,Miseq
RNBC1_NREP2_tag22_B6,Miseq
RNBC1_NREP2_tag22_B7,Miseq
RNBC1_NREP2_tag22_B8,Miseq
RNBC1_NREP2_tag22_B9,Miseq
RNBC1_NREP2_tag22_C10,Miseq
RNBC1_NREP2_tag22_C11,Miseq
RNBC1_NREP2_tag22_C12,Miseq
RNBC1_NREP2_tag22_C1,Miseq
RNBC1_NREP2_tag22_C2,Miseq
RNBC1_NREP2_tag22_C3,Miseq
RNBC1_NREP2_tag22_C4,Miseq
RNBC1_NREP2_tag22_C5,Miseq
RNBC1_NREP2_tag22_C6,Miseq
RNBC1_NREP2_tag22_C7,Miseq
RNBC1_NREP2_tag22_C8,Miseq
RNBC1_NREP2_tag22_C9,Miseq
RNBC1_NREP2_tag22_D10,Miseq
RNBC1_NREP2_tag22_D11,Miseq
RNBC1_NREP2_tag22_D12,Miseq
RNBC1_NREP2_tag22_D1,Miseq
RNBC1_NREP2_tag22_D2,Miseq
RNBC1_NREP2_tag22_D3,Miseq
RNBC1_NREP2_tag22_D4,Miseq
RNBC1_NREP2_tag22_D5,Miseq
RNBC1_NREP2_tag22_D6,Miseq
RNBC1_NREP2_tag22_D7,Miseq
RNBC1_NREP2_tag22_D8,Miseq
RNBC1_NREP2_tag22_D9,Miseq
RNBC1_NREP2_tag22_E10,Miseq
RNBC1_NREP2_tag22_E11,Miseq
RNBC1_NREP2_tag22_E12,Miseq
RNBC1_NREP2_tag22_E1,Miseq
RNBC1_NREP2_tag22_E2,Miseq
RNBC1_NREP2_tag22_E3,Miseq
RNBC1_NREP2_tag22_E4,Miseq
RNBC1_NREP2_tag22_E5,Miseq
RNBC1_NREP2_tag22_E6,Miseq
RNBC1_NREP2_tag22_E7,Miseq
RNBC1_NREP2_tag22_E8,Miseq
RNBC1_NREP2_tag22_E9,Miseq
RNBC1_NREP2_tag22_F10,Miseq
RNBC1_NREP2_tag22_F11,Miseq
RNBC1_NREP2_tag22_F12,Miseq
RNBC1_NREP2_tag22_F1,Miseq
RNBC1_NREP2_tag22_F2,Miseq
RNBC1_NREP2_tag22_F3,Miseq
RNBC1_NREP2_tag22_F4,Miseq
RNBC1_NREP2_tag22_F5,Miseq
RNBC1_NREP2_tag22_F6,Miseq
RNBC1_NREP2_tag22_F7,Miseq
RNBC1_NREP2_tag22_F8,Miseq
RNBC1_NREP2_tag22_F9,Miseq
RNBC1_NREP2_tag22_G10,Miseq
RNBC1_NREP2_tag22_G11,Miseq
RNBC1_NREP2_tag22_G12,Miseq
RNBC1_NREP2_tag22_G1,Miseq
RNBC1_NREP2_tag22_G2,Miseq
RNBC1_NREP2_tag22_G3,Miseq
RNBC1_NREP2_tag22_G4,Miseq
RNBC1_NREP2_tag22_G5,Miseq
RNBC1_NREP2_tag22_G6,Miseq
RNBC1_NREP2_tag22_G7,Miseq
RNBC1_NREP2_tag22_G8,Miseq
RNBC1_NREP2_tag22_G9,Miseq
RNBC1_NREP2_tag22_H10,Miseq
RNBC1_NREP2_tag22_H11,Miseq
RNBC1_NREP2_tag22_H12,Miseq
RNBC1_NREP2_tag22_H1,Miseq
RNBC1_NREP2_tag22_H2,Miseq
RNBC1_NREP2_tag22_H3,Miseq
RNBC1_NREP2_tag22_H4,Miseq
RNBC1_NREP2_tag22_H5,Miseq
RNBC1_NREP2_tag22_H6,Miseq
RNBC1_NREP2_tag22_H7,Miseq
RNBC1_NREP2_tag22_H8,Miseq
RNBC1_NREP2_tag22_H9,Miseq
RNBC1_NREP3_tag31_A10,Miseq
RNBC1_NREP3_tag31_A11,Miseq
RNBC1_NREP3_tag31_A12,Miseq
RNBC1_NREP3_tag31_A1,Miseq
RNBC1_NREP3_tag31_A2,Miseq
RNBC1_NREP3_tag31_A3,Miseq
RNBC1_NREP3_tag31_A4,Miseq
RNBC1_NREP3_tag31_A5,Miseq
RNBC1_NREP3_tag31_A6,Miseq
RNBC1_NREP3_tag31_A7,Miseq
RNBC1_NREP3_tag31_A8,Miseq
RNBC1_NREP3_tag31_A9,Miseq
RNBC1_NREP3_tag31_B10,Miseq
RNBC1_NREP3_tag31_B11,Miseq
RNBC1_NREP3_tag31_B12,Miseq
RNBC1_NREP3_tag31_B1,Miseq
RNBC1_NREP3_tag31_B2,Miseq
RNBC1_NREP3_tag31_B3,Miseq
RNBC1_NREP3_tag31_B4,Miseq
RNBC1_NREP3_tag31_B5,Miseq
RNBC1_NREP3_tag31_B6,Miseq
RNBC1_NREP3_tag31_B7,Miseq
RNBC1_NREP3_tag31_B8,Miseq
RNBC1_NREP3_tag31_B9,Miseq
RNBC1_NREP3_tag31_C10,Miseq
RNBC1_NREP3_tag31_C11,Miseq
RNBC1_NREP3_tag31_C12,Miseq
RNBC1_NREP3_tag31_C1,Miseq
RNBC1_NREP3_tag31_C2,Miseq
RNBC1_NREP3_tag31_C3,Miseq
RNBC1_NREP3_tag31_C4,Miseq
RNBC1_NREP3_tag31_C5,Miseq
RNBC1_NREP3_tag31_C6,Miseq
RNBC1_NREP3_tag31_C7,Miseq
RNBC1_NREP3_tag31_C8,Miseq
RNBC1_NREP3_tag31_C9,Miseq
RNBC1_NREP3_tag31_D10,Miseq
RNBC1_NREP3_tag31_D11,Miseq
RNBC1_NREP3_tag31_D12,Miseq
RNBC1_NREP3_tag31_D1,Miseq
RNBC1_NREP3_tag31_D2,Miseq
RNBC1_NREP3_tag31_D3,Miseq
RNBC1_NREP3_tag31_D4,Miseq
RNBC1_NREP3_tag31_D5,Miseq
RNBC1_NREP3_tag31_D6,Miseq
RNBC1_NREP3_tag31_D7,Miseq
RNBC1_NREP3_tag31_D8,Miseq
RNBC1_NREP3_tag31_D9,Miseq
RNBC1_NREP3_tag31_E10,Miseq
RNBC1_NREP3_tag31_E11,Miseq
RNBC1_NREP3_tag31_E12,Miseq
RNBC1_NREP3_tag31_E1,Miseq
RNBC1_NREP3_tag31_E2,Miseq
RNBC1_NREP3_tag31_E3,Miseq
RNBC1_NREP3_tag31_E4,Miseq
RNBC1_NREP3_tag31_E5,Miseq
RNBC1_NREP3_tag31_E6,Miseq
RNBC1_NREP3_tag31_E7,Miseq
RNBC1_NREP3_tag31_E8,Miseq
RNBC1_NREP3_tag31_E9,Miseq
RNBC1_NREP3_tag31_F10,Miseq
RNBC1_NREP3_tag31_F11,Miseq
RNBC1_NREP3_tag31_F12,Miseq
RNBC1_NREP3_tag31_F1,Miseq
RNBC1_NREP3_tag31_F2,Miseq
RNBC1_NREP3_tag31_F3,Miseq
RNBC1_NREP3_tag31_F4,Miseq
RNBC1_NREP3_tag31_F5,Miseq
RNBC1_NREP3_tag31_F6,Miseq
RNBC1_NREP3_tag31_F7,Miseq
RNBC1_NREP3_tag31_F8,Miseq
RNBC1_NREP3_tag31_F9,Miseq
RNBC1_NREP3_tag31_G10,Miseq
RNBC1_NREP3_tag31_G11,Miseq
RNBC1_NREP3_tag31_G12,Miseq
RNBC1_NREP3_tag31_G1,Miseq
RNBC1_NREP3_tag31_G2,Miseq
RNBC1_NREP3_tag31_G3,Miseq
RNBC1_NREP3_tag31_G4,Miseq
RNBC1_NREP3_tag31_G5,Miseq
RNBC1_NREP3_tag31_G6,Miseq
RNBC1_NREP3_tag31_G7,Miseq
RNBC1_NREP3_tag31_G8,Miseq
RNBC1_NREP3_tag31_G9,Miseq
RNBC1_NREP3_tag31_H10,Miseq
RNBC1_NREP3_tag31_H11,Miseq
RNBC1_NREP3_tag31_H12,Miseq
RNBC1_NREP3_tag31_H1,Miseq
RNBC1_NREP3_tag31_H2,Miseq
RNBC1_NREP3_tag31_H3,Miseq
RNBC1_NREP3_tag31_H4,Miseq
RNBC1_NREP3_tag31_H5,Miseq
RNBC1_NREP3_tag31_H6,Miseq
RNBC1_NREP3_tag31_H7,Miseq
RNBC1_NREP3_tag31_H8,Miseq
RNBC1_NREP3_tag31_H9,Miseq
RNBC1_NREP8_tag32_A10,Miseq
RNBC1_NREP8_tag32_A11,Miseq
RNBC1_NREP8_tag32_A12,Miseq
RNBC1_NREP8_tag32_A1,Miseq
RNBC1_NREP8_tag32_A2,Miseq
RNBC1_NREP8_tag32_A3,Miseq
RNBC1_NREP8_tag32_A4,Miseq
RNBC1_NREP8_tag32_A5,Miseq
RNBC1_NREP8_tag32_A6,Miseq
RNBC1_NREP8_tag32_A7,Miseq
RNBC1_NREP8_tag32_A8,Miseq
RNBC1_NREP8_tag32_A9,Miseq
RNBC1_NREP8_tag32_B10,Miseq
RNBC1_NREP8_tag32_B11,Miseq
RNBC1_NREP8_tag32_B12,Miseq
RNBC1_NREP8_tag32_B1,Miseq
RNBC1_NREP8_tag32_B2,Miseq
RNBC1_NREP8_tag32_B3,Miseq
RNBC1_NREP8_tag32_B4,Miseq
RNBC1_NREP8_tag32_B5,Miseq
RNBC1_NREP8_tag32_B6,Miseq
RNBC1_NREP8_tag32_B7,Miseq
RNBC1_NREP8_tag32_B8,Miseq
RNBC1_NREP8_tag32_B9,Miseq
RNBC1_NREP8_tag32_C10,Miseq
RNBC1_NREP8_tag32_C11,Miseq
RNBC1_NREP8_tag32_C12,Miseq
RNBC1_NREP8_tag32_C1,Miseq
RNBC1_NREP8_tag32_C2,Miseq
RNBC1_NREP8_tag32_C3,Miseq
RNBC1_NREP8_tag32_C4,Miseq
RNBC1_NREP8_tag32_C5,Miseq
RNBC1_NREP8_tag32_C6,Miseq
RNBC1_NREP8_tag32_C7,Miseq
RNBC1_NREP8_tag32_C8,Miseq
RNBC1_NREP8_tag32_C9,Miseq
RNBC1_NREP8_tag32_D10,Miseq
RNBC1_NREP8_tag32_D11,Miseq
RNBC1_NREP8_tag32_D12,Miseq
RNBC1_NREP8_tag32_D1,Miseq
RNBC1_NREP8_tag32_D2,Miseq
RNBC1_NREP8_tag32_D3,Miseq
RNBC1_NREP8_tag32_D4,Miseq
RNBC1_NREP8_tag32_D5,Miseq
RNBC1_NREP8_tag32_D6,Miseq
RNBC1_NREP8_tag32_D7,Miseq
RNBC1_NREP8_tag32_D8,Miseq
RNBC1_NREP8_tag32_D9,Miseq
RNBC1_NREP8_tag32_E10,Miseq
RNBC1_NREP8_tag32_E11,Miseq
RNBC1_NREP8_tag32_E12,Miseq
RNBC1_NREP8_tag32_E1,Miseq
RNBC1_NREP8_tag32_E2,Miseq
RNBC1_NREP8_tag32_E3,Miseq
RNBC1_NREP8_tag32_E4,Miseq
RNBC1_NREP8_tag32_E5,Miseq
RNBC1_NREP8_tag32_E6,Miseq
RNBC1_NREP8_tag32_E7,Miseq
RNBC1_NREP8_tag32_E8,Miseq
RNBC1_NREP8_tag32_E9,Miseq
RNBC1_NREP8_tag32_F10,Miseq
RNBC1_NREP8_tag32_F11,Miseq
RNBC1_NREP8_tag32_F12,Miseq
RNBC1_NREP8_tag32_F1,Miseq
RNBC1_NREP8_tag32_F2,Miseq
RNBC1_NREP8_tag32_F3,Miseq
RNBC1_NREP8_tag32_F4,Miseq
RNBC1_NREP8_tag32_F5,Miseq
RNBC1_NREP8_tag32_F6,Miseq
RNBC1_NREP8_tag32_F7,Miseq
RNBC1_NREP8_tag32_F8,Miseq
RNBC1_NREP8_tag32_F9,Miseq
RNBC1_NREP8_tag32_G10,Miseq
RNBC1_NREP8_tag32_G11,Miseq
RNBC1_NREP8_tag32_G12,Miseq
RNBC1_NREP8_tag32_G1,Miseq
RNBC1_NREP8_tag32_G2,Miseq
RNBC1_NREP8_tag32_G3,Miseq
RNBC1_NREP8_tag32_G4,Miseq
RNBC1_NREP8_tag32_G5,Miseq
RNBC1_NREP8_tag32_G6,Miseq
RNBC1_NREP8_tag32_G7,Miseq
RNBC1_NREP8_tag32_G8,Miseq
RNBC1_NREP8_tag32_G9,Miseq
RNBC1_NREP8_tag32_H10,Miseq
RNBC1_NREP8_tag32_H11,Miseq
RNBC1_NREP8_tag32_H12,Miseq
RNBC1_NREP8_tag32_H1,Miseq
RNBC1_NREP8_tag32_H2,Miseq
RNBC1_NREP8_tag32_H3,Miseq
RNBC1_NREP8_tag32_H4,Miseq
RNBC1_NREP8_tag32_H5,Miseq
RNBC1_NREP8_tag32_H6,Miseq
RNBC1_NREP8_tag32_H7,Miseq
RNBC1_NREP8_tag32_H8,Miseq
RNBC1_NREP8_tag32_H9,Miseq
RNBC1_NREP9_tag33_A10,Miseq
RNBC1_NREP9_tag33_A11,Miseq
RNBC1_NREP9_tag33_A12,Miseq
RNBC1_NREP9_tag33_A1,Miseq
RNBC1_NREP9_tag33_A2,Miseq
RNBC1_NREP9_tag33_A3,Miseq
RNBC1_NREP9_tag33_A4,Miseq
RNBC1_NREP9_tag33_A5,Miseq
RNBC1_NREP9_tag33_A6,Miseq
RNBC1_NREP9_tag33_A7,Miseq
RNBC1_NREP9_tag33_A8,Miseq
RNBC1_NREP9_tag33_A9,Miseq
RNBC1_NREP9_tag33_B10,Miseq
RNBC1_NREP9_tag33_B11,Miseq
RNBC1_NREP9_tag33_B12,Miseq
RNBC1_NREP9_tag33_B1,Miseq
RNBC1_NREP9_tag33_B2,Miseq
RNBC1_NREP9_tag33_B3,Miseq
RNBC1_NREP9_tag33_B4,Miseq
RNBC1_NREP9_tag33_B5,Miseq
RNBC1_NREP9_tag33_B6,Miseq
RNBC1_NREP9_tag33_B7,Miseq
RNBC1_NREP9_tag33_B8,Miseq
RNBC1_NREP9_tag33_B9,Miseq
RNBC1_NREP9_tag33_C10,Miseq
RNBC1_NREP9_tag33_C11,Miseq
RNBC1_NREP9_tag33_C12,Miseq
RNBC1_NREP9_tag33_C1,Miseq
RNBC1_NREP9_tag33_C2,Miseq
RNBC1_NREP9_tag33_C3,Miseq
RNBC1_NREP9_tag33_C4,Miseq
RNBC1_NREP9_tag33_C5,Miseq
RNBC1_NREP9_tag33_C6,Miseq
RNBC1_NREP9_tag33_C7,Miseq
RNBC1_NREP9_tag33_C8,Miseq
RNBC1_NREP9_tag33_C9,Miseq
RNBC1_NREP9_tag33_D10,Miseq
RNBC1_NREP9_tag33_D11,Miseq
RNBC1_NREP9_tag33_D12,Miseq
RNBC1_NREP9_tag33_D1,Miseq
RNBC1_NREP9_tag33_D2,Miseq
RNBC1_NREP9_tag33_D3,Miseq
RNBC1_NREP9_tag33_D4,Miseq
RNBC1_NREP9_tag33_D5,Miseq
RNBC1_NREP9_tag33_D6,Miseq
RNBC1_NREP9_tag33_D7,Miseq
RNBC1_NREP9_tag33_D8,Miseq
RNBC1_NREP9_tag33_D9,Miseq
RNBC1_NREP9_tag33_E10,Miseq
RNBC1_NREP9_tag33_E11,Miseq
RNBC1_NREP9_tag33_E12,Miseq
RNBC1_NREP9_tag33_E1,Miseq
RNBC1_NREP9_tag33_E2,Miseq
RNBC1_NREP9_tag33_E3,Miseq
RNBC1_NREP9_tag33_E4,Miseq
RNBC1_NREP9_tag33_E5,Miseq
RNBC1_NREP9_tag33_E6,Miseq
RNBC1_NREP9_tag33_E7,Miseq
RNBC1_NREP9_tag33_E8,Miseq
RNBC1_NREP9_tag33_E9,Miseq
RNBC1_NREP9_tag33_F10,Miseq
RNBC1_NREP9_tag33_F11,Miseq
RNBC1_NREP9_tag33_F12,Miseq
RNBC1_NREP9_tag33_F1,Miseq
RNBC1_NREP9_tag33_F2,Miseq
RNBC1_NREP9_tag33_F3,Miseq
RNBC1_NREP9_tag33_F4,Miseq
RNBC1_NREP9_tag33_F5,Miseq
RNBC1_NREP9_tag33_F6,Miseq
RNBC1_NREP9_tag33_F7,Miseq
RNBC1_NREP9_tag33_F8,Miseq
RNBC1_NREP9_tag33_F9,Miseq
RNBC1_NREP9_tag33_G10,Miseq
RNBC1_NREP9_tag33_G11,Miseq
RNBC1_NREP9_tag33_G12,Miseq
RNBC1_NREP9_tag33_G1,Miseq
RNBC1_NREP9_tag33_G2,Miseq
RNBC1_NREP9_tag33_G3,Miseq
RNBC1_NREP9_tag33_G4,Miseq
RNBC1_NREP9_tag33_G5,Miseq
RNBC1_NREP9_tag33_G6,Miseq
RNBC1_NREP9_tag33_G7,Miseq
RNBC1_NREP9_tag33_G8,Miseq
RNBC1_NREP9_tag33_G9,Miseq
RNBC1_NREP9_tag33_H10,Miseq
RNBC1_NREP9_tag33_H11,Miseq
RNBC1_NREP9_tag33_H12,Miseq
RNBC1_NREP9_tag33_H2,Miseq
RNBC1_NREP9_tag33_H3,Miseq
RNBC1_NREP9_tag33_H4,Miseq
RNBC1_NREP9_tag33_H5,Miseq
RNBC1_NREP9_tag33_H6,Miseq
RNBC1_NREP9_tag33_H7,Miseq
RNBC1_NREP9_tag33_H8,Miseq
RNBC1_NREP9_tag33_H9,Miseq
RNMB_Foping_BS_P1_tag21_A10,Miseq
RNMB_Foping_BS_P1_tag21_A11,Miseq
RNMB_Foping_BS_P1_tag21_A12,Miseq
RNMB_Foping_BS_P1_tag21_A1,Miseq
RNMB_Foping_BS_P1_tag21_A2,Miseq
RNMB_Foping_BS_P1_tag21_A3,Miseq
RNMB_Foping_BS_P1_tag21_A4,Miseq
RNMB_Foping_BS_P1_tag21_A5,Miseq
RNMB_Foping_BS_P1_tag21_A6,Miseq
RNMB_Foping_BS_P1_tag21_A7,Miseq
RNMB_Foping_BS_P1_tag21_A8,Miseq
RNMB_Foping_BS_P1_tag21_A9,Miseq
RNMB_Foping_BS_P1_tag21_B10,Miseq
RNMB_Foping_BS_P1_tag21_B11,Miseq
RNMB_Foping_BS_P1_tag21_B12,Miseq
RNMB_Foping_BS_P1_tag21_B1,Miseq
RNMB_Foping_BS_P1_tag21_B2,Miseq
RNMB_Foping_BS_P1_tag21_B3,Miseq
RNMB_Foping_BS_P1_tag21_B4,Miseq
RNMB_Foping_BS_P1_tag21_B5,Miseq
RNMB_Foping_BS_P1_tag21_B6,Miseq
RNMB_Foping_BS_P1_tag21_B7,Miseq
RNMB_Foping_BS_P1_tag21_B8,Miseq
RNMB_Foping_BS_P1_tag21_B9,Miseq
RNMB_Foping_BS_P1_tag21_C10,Miseq
RNMB_Foping_BS_P1_tag21_C11,Miseq
RNMB_Foping_BS_P1_tag21_C12,Miseq
RNMB_Foping_BS_P1_tag21_C1,Miseq
RNMB_Foping_BS_P1_tag21_C2,Miseq
RNMB_Foping_BS_P1_tag21_C3,Miseq
RNMB_Foping_BS_P1_tag21_C4,Miseq
RNMB_Foping_BS_P1_tag21_C5,Miseq
RNMB_Foping_BS_P1_tag21_C6,Miseq
RNMB_Foping_BS_P1_tag21_C7,Miseq
RNMB_Foping_BS_P1_tag21_C8,Miseq
RNMB_Foping_BS_P1_tag21_C9,Miseq
RNMB_Foping_BS_P1_tag21_D10,Miseq
RNMB_Foping_BS_P1_tag21_D11,Miseq
RNMB_Foping_BS_P1_tag21_D12,Miseq
RNMB_Foping_BS_P1_tag21_D1,Miseq
RNMB_Foping_BS_P1_tag21_D2,Miseq
RNMB_Foping_BS_P1_tag21_D3,Miseq
RNMB_Foping_BS_P1_tag21_D4,Miseq
RNMB_Foping_BS_P1_tag21_D5,Miseq
RNMB_Foping_BS_P1_tag21_D6,Miseq
RNMB_Foping_BS_P1_tag21_D7,Miseq
RNMB_Foping_BS_P1_tag21_D8,Miseq
RNMB_Foping_BS_P1_tag21_D9,Miseq
RNMB_Foping_BS_P1_tag21_E10,Miseq
RNMB_Foping_BS_P1_tag21_E11,Miseq
RNMB_Foping_BS_P1_tag21_E12,Miseq
RNMB_Foping_BS_P1_tag21_E1,Miseq
RNMB_Foping_BS_P1_tag21_E2,Miseq
RNMB_Foping_BS_P1_tag21_E3,Miseq
RNMB_Foping_BS_P1_tag21_E4,Miseq
RNMB_Foping_BS_P1_tag21_E5,Miseq
RNMB_Foping_BS_P1_tag21_E6,Miseq
RNMB_Foping_BS_P1_tag21_E7,Miseq
RNMB_Foping_BS_P1_tag21_E8,Miseq
RNMB_Foping_BS_P1_tag21_E9,Miseq
RNMB_Foping_BS_P1_tag21_F10,Miseq
RNMB_Foping_BS_P1_tag21_F11,Miseq
RNMB_Foping_BS_P1_tag21_F12,Miseq
RNMB_Foping_BS_P1_tag21_F1,Miseq
RNMB_Foping_BS_P1_tag21_F2,Miseq
RNMB_Foping_BS_P1_tag21_F3,Miseq
RNMB_Foping_BS_P1_tag21_F4,Miseq
RNMB_Foping_BS_P1_tag21_F5,Miseq
RNMB_Foping_BS_P1_tag21_F6,Miseq
RNMB_Foping_BS_P1_tag21_F7,Miseq
RNMB_Foping_BS_P1_tag21_F8,Miseq
RNMB_Foping_BS_P1_tag21_F9,Miseq
RNMB_Foping_BS_P1_tag21_G10,Miseq
RNMB_Foping_BS_P1_tag21_G11,Miseq
RNMB_Foping_BS_P1_tag21_G12,Miseq
RNMB_Foping_BS_P1_tag21_G1,Miseq
RNMB_Foping_BS_P1_tag21_G2,Miseq
RNMB_Foping_BS_P1_tag21_G3,Miseq
RNMB_Foping_BS_P1_tag21_G4,Miseq
RNMB_Foping_BS_P1_tag21_G5,Miseq
RNMB_Foping_BS_P1_tag21_G6,Miseq
RNMB_Foping_BS_P1_tag21_G7,Miseq
RNMB_Foping_BS_P1_tag21_G8,Miseq
RNMB_Foping_BS_P1_tag21_G9,Miseq
RNMB_Foping_BS_P1_tag21_H10,Miseq
RNMB_Foping_BS_P1_tag21_H11,Miseq
RNMB_Foping_BS_P1_tag21_H12,Miseq
RNMB_Foping_BS_P1_tag21_H1,Miseq
RNMB_Foping_BS_P1_tag21_H2,Miseq
RNMB_Foping_BS_P1_tag21_H3,Miseq
RNMB_Foping_BS_P1_tag21_H4,Miseq
RNMB_Foping_BS_P1_tag21_H5,Miseq
RNMB_Foping_BS_P1_tag21_H6,Miseq
RNMB_Foping_BS_P1_tag21_H7,Miseq
RNMB_Foping_BS_P1_tag21_H8,Miseq
RNMB_Foping_BS_P1_tag21_H9,Miseq
RNMB_Foping_BS_P2_tag24_A10,Miseq
RNMB_Foping_BS_P2_tag24_A11,Miseq
RNMB_Foping_BS_P2_tag24_A12,Miseq
RNMB_Foping_BS_P2_tag24_A1,Miseq
RNMB_Foping_BS_P2_tag24_A2,Miseq
RNMB_Foping_BS_P2_tag24_A3,Miseq
RNMB_Foping_BS_P2_tag24_A4,Miseq
RNMB_Foping_BS_P2_tag24_A5,Miseq
RNMB_Foping_BS_P2_tag24_A6,Miseq
RNMB_Foping_BS_P2_tag24_A7,Miseq
RNMB_Foping_BS_P2_tag24_A8,Miseq
RNMB_Foping_BS_P2_tag24_A9,Miseq
RNMB_Foping_BS_P2_tag24_B10,Miseq
RNMB_Foping_BS_P2_tag24_B11,Miseq
RNMB_Foping_BS_P2_tag24_B12,Miseq
RNMB_Foping_BS_P2_tag24_B1,Miseq
RNMB_Foping_BS_P2_tag24_B2,Miseq
RNMB_Foping_BS_P2_tag24_B3,Miseq
RNMB_Foping_BS_P2_tag24_B4,Miseq
RNMB_Foping_BS_P2_tag24_B5,Miseq
RNMB_Foping_BS_P2_tag24_B6,Miseq
RNMB_Foping_BS_P2_tag24_B7,Miseq
RNMB_Foping_BS_P2_tag24_B8,Miseq
RNMB_Foping_BS_P2_tag24_B9,Miseq
RNMB_Foping_BS_P2_tag24_C10,Miseq
RNMB_Foping_BS_P2_tag24_C11,Miseq
RNMB_Foping_BS_P2_tag24_C12,Miseq
RNMB_Foping_BS_P2_tag24_C1,Miseq
RNMB_Foping_BS_P2_tag24_C2,Miseq
RNMB_Foping_BS_P2_tag24_C3,Miseq
RNMB_Foping_BS_P2_tag24_C4,Miseq
RNMB_Foping_BS_P2_tag24_C5,Miseq
RNMB_Foping_BS_P2_tag24_C6,Miseq
RNMB_Foping_BS_P2_tag24_C7,Miseq
RNMB_Foping_BS_P2_tag24_C8,Miseq
RNMB_Foping_BS_P2_tag24_C9,Miseq
RNMB_Foping_BS_P2_tag24_D10,Miseq
RNMB_Foping_BS_P2_tag24_D11,Miseq
RNMB_Foping_BS_P2_tag24_D12,Miseq
RNMB_Foping_BS_P2_tag24_D1,Miseq
RNMB_Foping_BS_P2_tag24_D2,Miseq
RNMB_Foping_BS_P2_tag24_D3,Miseq
RNMB_Foping_BS_P2_tag24_D4,Miseq
RNMB_Foping_BS_P2_tag24_D5,Miseq
RNMB_Foping_BS_P2_tag24_D6,Miseq
RNMB_Foping_BS_P2_tag24_D7,Miseq
RNMB_Foping_BS_P2_tag24_D8,Miseq
RNMB_Foping_BS_P2_tag24_D9,Miseq
RNMB_Foping_BS_P2_tag24_E10,Miseq
RNMB_Foping_BS_P2_tag24_E11,Miseq
RNMB_Foping_BS_P2_tag24_E12,Miseq
RNMB_Foping_BS_P2_tag24_E1,Miseq
RNMB_Foping_BS_P2_tag24_E2,Miseq
RNMB_Foping_BS_P2_tag24_E3,Miseq
RNMB_Foping_BS_P2_tag24_E4,Miseq
RNMB_Foping_BS_P2_tag24_E5,Miseq
RNMB_Foping_BS_P2_tag24_E6,Miseq
RNMB_Foping_BS_P2_tag24_E7,Miseq
RNMB_Foping_BS_P2_tag24_E8,Miseq
RNMB_Foping_BS_P2_tag24_E9,Miseq
RNMB_Foping_BS_P2_tag24_F10,Miseq
RNMB_Foping_BS_P2_tag24_F11,Miseq
RNMB_Foping_BS_P2_tag24_F12,Miseq
RNMB_Foping_BS_P2_tag24_F1,Miseq
RNMB_Foping_BS_P2_tag24_F2,Miseq
RNMB_Foping_BS_P2_tag24_F3,Miseq
RNMB_Foping_BS_P2_tag24_F4,Miseq
RNMB_Foping_BS_P2_tag24_F5,Miseq
RNMB_Foping_BS_P2_tag24_F6,Miseq
RNMB_Foping_BS_P2_tag24_F7,Miseq
RNMB_Foping_BS_P2_tag24_F8,Miseq
RNMB_Foping_BS_P2_tag24_F9,Miseq
RNMB_Foping_BS_P2_tag24_G10,Miseq
RNMB_Foping_BS_P2_tag24_G11,Miseq
RNMB_Foping_BS_P2_tag24_G12,Miseq
RNMB_Foping_BS_P2_tag24_G1,Miseq
RNMB_Foping_BS_P2_tag24_G2,Miseq
RNMB_Foping_BS_P2_tag24_G3,Miseq
RNMB_Foping_BS_P2_tag24_G4,Miseq
RNMB_Foping_BS_P2_tag24_G5,Miseq
RNMB_Foping_BS_P2_tag24_G6,Miseq
RNMB_Foping_BS_P2_tag24_G7,Miseq
RNMB_Foping_BS_P2_tag24_G8,Miseq
RNMB_Foping_BS_P2_tag24_G9,Miseq
RNMB_Foping_BS_P2_tag24_H10,Miseq
RNMB_Foping_BS_P2_tag24_H11,Miseq
RNMB_Foping_BS_P2_tag24_H12,Miseq
RNMB_Foping_BS_P2_tag24_H1,Miseq
RNMB_Foping_BS_P2_tag24_H2,Miseq
RNMB_Foping_BS_P2_tag24_H3,Miseq
RNMB_Foping_BS_P2_tag24_H4,Miseq
RNMB_Foping_BS_P2_tag24_H5,Miseq
RNMB_Foping_BS_P2_tag24_H6,Miseq
RNMB_Foping_BS_P2_tag24_H7,Miseq
RNMB_Foping_BS_P2_tag24_H8,Miseq
RNMB_Foping_BS_P2_tag24_H9,Miseq
RNMB_Foping_BS_P3_tag26_A10,Miseq
RNMB_Foping_BS_P3_tag26_A11,Miseq
RNMB_Foping_BS_P3_tag26_A12,Miseq
RNMB_Foping_BS_P3_tag26_A1,Miseq
RNMB_Foping_BS_P3_tag26_A2,Miseq
RNMB_Foping_BS_P3_tag26_A3,Miseq
RNMB_Foping_BS_P3_tag26_A4,Miseq
RNMB_Foping_BS_P3_tag26_A5,Miseq
RNMB_Foping_BS_P3_tag26_A6,Miseq
RNMB_Foping_BS_P3_tag26_A7,Miseq
RNMB_Foping_BS_P3_tag26_A8,Miseq
RNMB_Foping_BS_P3_tag26_A9,Miseq
RNMB_Foping_BS_P3_tag26_B10,Miseq
RNMB_Foping_BS_P3_tag26_B11,Miseq
RNMB_Foping_BS_P3_tag26_B12,Miseq
RNMB_Foping_BS_P3_tag26_B1,Miseq
RNMB_Foping_BS_P3_tag26_B2,Miseq
RNMB_Foping_BS_P3_tag26_B3,Miseq
RNMB_Foping_BS_P3_tag26_B4,Miseq
RNMB_Foping_BS_P3_tag26_B5,Miseq
RNMB_Foping_BS_P3_tag26_B6,Miseq
RNMB_Foping_BS_P3_tag26_B7,Miseq
RNMB_Foping_BS_P3_tag26_B8,Miseq
RNMB_Foping_BS_P3_tag26_B9,Miseq
RNMB_Foping_BS_P3_tag26_C10,Miseq
RNMB_Foping_BS_P3_tag26_C11,Miseq
RNMB_Foping_BS_P3_tag26_C12,Miseq
RNMB_Foping_BS_P3_tag26_C1,Miseq
RNMB_Foping_BS_P3_tag26_C2,Miseq
RNMB_Foping_BS_P3_tag26_C3,Miseq
RNMB_Foping_BS_P3_tag26_C4,Miseq
RNMB_Foping_BS_P3_tag26_C5,Miseq
RNMB_Foping_BS_P3_tag26_C6,Miseq
RNMB_Foping_BS_P3_tag26_C7,Miseq
RNMB_Foping_BS_P3_tag26_C8,Miseq
RNMB_Foping_BS_P3_tag26_C9,Miseq
RNMB_Foping_BS_P3_tag26_D10,Miseq
RNMB_Foping_BS_P3_tag26_D11,Miseq
RNMB_Foping_BS_P3_tag26_D12,Miseq
RNMB_Foping_BS_P3_tag26_D1,Miseq
RNMB_Foping_BS_P3_tag26_D2,Miseq
RNMB_Foping_BS_P3_tag26_D3,Miseq
RNMB_Foping_BS_P3_tag26_D4,Miseq
RNMB_Foping_BS_P3_tag26_D5,Miseq
RNMB_Foping_BS_P3_tag26_D6,Miseq
RNMB_Foping_BS_P3_tag26_D7,Miseq
RNMB_Foping_BS_P3_tag26_D8,Miseq
RNMB_Foping_BS_P3_tag26_D9,Miseq
RNMB_Foping_BS_P3_tag26_E10,Miseq
RNMB_Foping_BS_P3_tag26_E11,Miseq
RNMB_Foping_BS_P3_tag26_E12,Miseq
RNMB_Foping_BS_P3_tag26_E1,Miseq
RNMB_Foping_BS_P3_tag26_E2,Miseq
RNMB_Foping_BS_P3_tag26_E3,Miseq
RNMB_Foping_BS_P3_tag26_E4,Miseq
RNMB_Foping_BS_P3_tag26_E5,Miseq
RNMB_Foping_BS_P3_tag26_E6,Miseq
RNMB_Foping_BS_P3_tag26_E7,Miseq
RNMB_Foping_BS_P3_tag26_E8,Miseq
RNMB_Foping_BS_P3_tag26_E9,Miseq
RNMB_Foping_BS_P3_tag26_F10,Miseq
RNMB_Foping_BS_P3_tag26_F11,Miseq
RNMB_Foping_BS_P3_tag26_F12,Miseq
RNMB_Foping_BS_P3_tag26_F1,Miseq
RNMB_Foping_BS_P3_tag26_F2,Miseq
RNMB_Foping_BS_P3_tag26_F3,Miseq
RNMB_Foping_BS_P3_tag26_F4,Miseq
RNMB_Foping_BS_P3_tag26_F5,Miseq
RNMB_Foping_BS_P3_tag26_F6,Miseq
RNMB_Foping_BS_P3_tag26_F7,Miseq
RNMB_Foping_BS_P3_tag26_F8,Miseq
RNMB_Foping_BS_P3_tag26_F9,Miseq
RNMB_Foping_BS_P3_tag26_G10,Miseq
RNMB_Foping_BS_P3_tag26_G11,Miseq
RNMB_Foping_BS_P3_tag26_G12,Miseq
RNMB_Foping_BS_P3_tag26_G1,Miseq
RNMB_Foping_BS_P3_tag26_G2,Miseq
RNMB_Foping_BS_P3_tag26_G3,Miseq
RNMB_Foping_BS_P3_tag26_G4,Miseq
RNMB_Foping_BS_P3_tag26_G5,Miseq
RNMB_Foping_BS_P3_tag26_G6,Miseq
RNMB_Foping_BS_P3_tag26_G7,Miseq
RNMB_Foping_BS_P3_tag26_G8,Miseq
RNMB_Foping_BS_P3_tag26_G9,Miseq
RNMB_Foping_BS_P3_tag26_H10,Miseq
RNMB_Foping_BS_P3_tag26_H11,Miseq
RNMB_Foping_BS_P3_tag26_H12,Miseq
RNMB_Foping_BS_P3_tag26_H1,Miseq
RNMB_Foping_BS_P3_tag26_H2,Miseq
RNMB_Foping_BS_P3_tag26_H3,Miseq
RNMB_Foping_BS_P3_tag26_H4,Miseq
RNMB_Foping_BS_P3_tag26_H5,Miseq
RNMB_Foping_BS_P3_tag26_H6,Miseq
RNMB_Foping_BS_P3_tag26_H7,Miseq
RNMB_Foping_BS_P3_tag26_H8,Miseq
RNMB_Foping_BS_P3_tag26_H9,Miseq
RNMB_meicity_BS_P1_tag41_A10,Miseq
RNMB_meicity_BS_P1_tag41_A11,Miseq
RNMB_meicity_BS_P1_tag41_A12,Miseq
RNMB_meicity_BS_P1_tag41_A1,Miseq
RNMB_meicity_BS_P1_tag41_A2,Miseq
RNMB_meicity_BS_P1_tag41_A3,Miseq
RNMB_meicity_BS_P1_tag41_A4,Miseq
RNMB_meicity_BS_P1_tag41_A5,Miseq
RNMB_meicity_BS_P1_tag41_A6,Miseq
RNMB_meicity_BS_P1_tag41_A7,Miseq
RNMB_meicity_BS_P1_tag41_A8,Miseq
RNMB_meicity_BS_P1_tag41_A9,Miseq
RNMB_meicity_BS_P1_tag41_B10,Miseq
RNMB_meicity_BS_P1_tag41_B11,Miseq
RNMB_meicity_BS_P1_tag41_B12,Miseq
RNMB_meicity_BS_P1_tag41_B1,Miseq
RNMB_meicity_BS_P1_tag41_B2,Miseq
RNMB_meicity_BS_P1_tag41_B3,Miseq
RNMB_meicity_BS_P1_tag41_B4,Miseq
RNMB_meicity_BS_P1_tag41_B5,Miseq
RNMB_meicity_BS_P1_tag41_B6,Miseq
RNMB_meicity_BS_P1_tag41_B7,Miseq
RNMB_meicity_BS_P1_tag41_B8,Miseq
RNMB_meicity_BS_P1_tag41_B9,Miseq
RNMB_meicity_BS_P1_tag41_C10,Miseq
RNMB_meicity_BS_P1_tag41_C11,Miseq
RNMB_meicity_BS_P1_tag41_C12,Miseq
RNMB_meicity_BS_P1_tag41_C1,Miseq
RNMB_meicity_BS_P1_tag41_C2,Miseq
RNMB_meicity_BS_P1_tag41_C3,Miseq
RNMB_meicity_BS_P1_tag41_C4,Miseq
RNMB_meicity_BS_P1_tag41_C5,Miseq
RNMB_meicity_BS_P1_tag41_C6,Miseq
RNMB_meicity_BS_P1_tag41_C7,Miseq
RNMB_meicity_BS_P1_tag41_C8,Miseq
RNMB_meicity_BS_P1_tag41_C9,Miseq
RNMB_meicity_BS_P1_tag41_D10,Miseq
RNMB_meicity_BS_P1_tag41_D11,Miseq
RNMB_meicity_BS_P1_tag41_D12,Miseq
RNMB_meicity_BS_P1_tag41_D1,Miseq
RNMB_meicity_BS_P1_tag41_D2,Miseq
RNMB_meicity_BS_P1_tag41_D3,Miseq
RNMB_meicity_BS_P1_tag41_D4,Miseq
RNMB_meicity_BS_P1_tag41_D5,Miseq
RNMB_meicity_BS_P1_tag41_D6,Miseq
RNMB_meicity_BS_P1_tag41_D7,Miseq
RNMB_meicity_BS_P1_tag41_D8,Miseq
RNMB_meicity_BS_P1_tag41_D9,Miseq
RNMB_meicity_BS_P1_tag41_E10,Miseq
RNMB_meicity_BS_P1_tag41_E11,Miseq
RNMB_meicity_BS_P1_tag41_E12,Miseq
RNMB_meicity_BS_P1_tag41_E1,Miseq
RNMB_meicity_BS_P1_tag41_E2,Miseq
RNMB_meicity_BS_P1_tag41_E3,Miseq
RNMB_meicity_BS_P1_tag41_E4,Miseq
RNMB_meicity_BS_P1_tag41_E5,Miseq
RNMB_meicity_BS_P1_tag41_E6,Miseq
RNMB_meicity_BS_P1_tag41_E7,Miseq
RNMB_meicity_BS_P1_tag41_E8,Miseq
RNMB_meicity_BS_P1_tag41_E9,Miseq
RNMB_meicity_BS_P1_tag41_F10,Miseq
RNMB_meicity_BS_P1_tag41_F11,Miseq
RNMB_meicity_BS_P1_tag41_F12,Miseq
RNMB_meicity_BS_P1_tag41_F1,Miseq
RNMB_meicity_BS_P1_tag41_F2,Miseq
RNMB_meicity_BS_P1_tag41_F3,Miseq
RNMB_meicity_BS_P1_tag41_F4,Miseq
RNMB_meicity_BS_P1_tag41_F5,Miseq
RNMB_meicity_BS_P1_tag41_F6,Miseq
RNMB_meicity_BS_P1_tag41_F7,Miseq
RNMB_meicity_BS_P1_tag41_F8,Miseq
RNMB_meicity_BS_P1_tag41_F9,Miseq
RNMB_meicity_BS_P1_tag41_G10,Miseq
RNMB_meicity_BS_P1_tag41_G11,Miseq
RNMB_meicity_BS_P1_tag41_G12,Miseq
RNMB_meicity_BS_P1_tag41_G1,Miseq
RNMB_meicity_BS_P1_tag41_G2,Miseq
RNMB_meicity_BS_P1_tag41_G3,Miseq
RNMB_meicity_BS_P1_tag41_G4,Miseq
RNMB_meicity_BS_P1_tag41_G5,Miseq
RNMB_meicity_BS_P1_tag41_G6,Miseq
RNMB_meicity_BS_P1_tag41_G7,Miseq
RNMB_meicity_BS_P1_tag41_G8,Miseq
RNMB_meicity_BS_P1_tag41_G9,Miseq
RNMB_meicity_BS_P1_tag41_H10,Miseq
RNMB_meicity_BS_P1_tag41_H11,Miseq
RNMB_meicity_BS_P1_tag41_H12,Miseq
RNMB_meicity_BS_P1_tag41_H1,Miseq
RNMB_meicity_BS_P1_tag41_H2,Miseq
RNMB_meicity_BS_P1_tag41_H3,Miseq
RNMB_meicity_BS_P1_tag41_H4,Miseq
RNMB_meicity_BS_P1_tag41_H5,Miseq
RNMB_meicity_BS_P1_tag41_H6,Miseq
RNMB_meicity_BS_P1_tag41_H7,Miseq
RNMB_meicity_BS_P1_tag41_H8,Miseq
RNMB_meicity_BS_P1_tag41_H9,Miseq
RNMB_meicity_BS_P2_tag42_A10,Miseq
RNMB_meicity_BS_P2_tag42_A11,Miseq
RNMB_meicity_BS_P2_tag42_A12,Miseq
RNMB_meicity_BS_P2_tag42_A1,Miseq
RNMB_meicity_BS_P2_tag42_A2,Miseq
RNMB_meicity_BS_P2_tag42_A3,Miseq
RNMB_meicity_BS_P2_tag42_A4,Miseq
RNMB_meicity_BS_P2_tag42_A5,Miseq
RNMB_meicity_BS_P2_tag42_A6,Miseq
RNMB_meicity_BS_P2_tag42_A7,Miseq
RNMB_meicity_BS_P2_tag42_A8,Miseq
RNMB_meicity_BS_P2_tag42_A9,Miseq
RNMB_meicity_BS_P2_tag42_B10,Miseq
RNMB_meicity_BS_P2_tag42_B11,Miseq
RNMB_meicity_BS_P2_tag42_B12,Miseq
RNMB_meicity_BS_P2_tag42_B1,Miseq
RNMB_meicity_BS_P2_tag42_B2,Miseq
RNMB_meicity_BS_P2_tag42_B3,Miseq
RNMB_meicity_BS_P2_tag42_B4,Miseq
RNMB_meicity_BS_P2_tag42_B5,Miseq
RNMB_meicity_BS_P2_tag42_B6,Miseq
RNMB_meicity_BS_P2_tag42_B7,Miseq
RNMB_meicity_BS_P2_tag42_B8,Miseq
RNMB_meicity_BS_P2_tag42_B9,Miseq
RNMB_meicity_BS_P2_tag42_C10,Miseq
RNMB_meicity_BS_P2_tag42_C11,Miseq
RNMB_meicity_BS_P2_tag42_C12,Miseq
RNMB_meicity_BS_P2_tag42_C1,Miseq
RNMB_meicity_BS_P2_tag42_C2,Miseq
RNMB_meicity_BS_P2_tag42_C3,Miseq
RNMB_meicity_BS_P2_tag42_C4,Miseq
RNMB_meicity_BS_P2_tag42_C5,Miseq
RNMB_meicity_BS_P2_tag42_C6,Miseq
RNMB_meicity_BS_P2_tag42_C7,Miseq
RNMB_meicity_BS_P2_tag42_C8,Miseq
RNMB_meicity_BS_P2_tag42_C9,Miseq
RNMB_meicity_BS_P2_tag42_D10,Miseq
RNMB_meicity_BS_P2_tag42_D11,Miseq
RNMB_meicity_BS_P2_tag42_D12,Miseq
RNMB_meicity_BS_P2_tag42_D1,Miseq
RNMB_meicity_BS_P2_tag42_D2,Miseq
RNMB_meicity_BS_P2_tag42_D3,Miseq
RNMB_meicity_BS_P2_tag42_D4,Miseq
RNMB_meicity_BS_P2_tag42_D5,Miseq
RNMB_meicity_BS_P2_tag42_D6,Miseq
RNMB_meicity_BS_P2_tag42_D7,Miseq
RNMB_meicity_BS_P2_tag42_D8,Miseq
RNMB_meicity_BS_P2_tag42_D9,Miseq
RNMB_meicity_BS_P2_tag42_E10,Miseq
RNMB_meicity_BS_P2_tag42_E11,Miseq
RNMB_meicity_BS_P2_tag42_E12,Miseq
RNMB_meicity_BS_P2_tag42_E1,Miseq
RNMB_meicity_BS_P2_tag42_E2,Miseq
RNMB_meicity_BS_P2_tag42_E3,Miseq
RNMB_meicity_BS_P2_tag42_E4,Miseq
RNMB_meicity_BS_P2_tag42_E5,Miseq
RNMB_meicity_BS_P2_tag42_E6,Miseq
RNMB_meicity_BS_P2_tag42_E7,Miseq
RNMB_meicity_BS_P2_tag42_E8,Miseq
RNMB_meicity_BS_P2_tag42_E9,Miseq
RNMB_meicity_BS_P2_tag42_F10,Miseq
RNMB_meicity_BS_P2_tag42_F11,Miseq
RNMB_meicity_BS_P2_tag42_F12,Miseq
RNMB_meicity_BS_P2_tag42_F1,Miseq
RNMB_meicity_BS_P2_tag42_F2,Miseq
RNMB_meicity_BS_P2_tag42_F3,Miseq
RNMB_meicity_BS_P2_tag42_F4,Miseq
RNMB_meicity_BS_P2_tag42_F5,Miseq
RNMB_meicity_BS_P2_tag42_F6,Miseq
RNMB_meicity_BS_P2_tag42_F7,Miseq
RNMB_meicity_BS_P2_tag42_F8,Miseq
RNMB_meicity_BS_P2_tag42_F9,Miseq
RNMB_meicity_BS_P2_tag42_G10,Miseq
RNMB_meicity_BS_P2_tag42_G11,Miseq
RNMB_meicity_BS_P2_tag42_G12,Miseq
RNMB_meicity_BS_P2_tag42_G1,Miseq
RNMB_meicity_BS_P2_tag42_G2,Miseq
RNMB_meicity_BS_P2_tag42_G3,Miseq
RNMB_meicity_BS_P2_tag42_G4,Miseq
RNMB_meicity_BS_P2_tag42_G5,Miseq
RNMB_meicity_BS_P2_tag42_G6,Miseq
RNMB_meicity_BS_P2_tag42_G7,Miseq
RNMB_meicity_BS_P2_tag42_G8,Miseq
RNMB_meicity_BS_P2_tag42_G9,Miseq
RNMB_meicity_BS_P2_tag42_H10,Miseq
RNMB_meicity_BS_P2_tag42_H11,Miseq
RNMB_meicity_BS_P2_tag42_H12,Miseq
RNMB_meicity_BS_P2_tag42_H1,Miseq
RNMB_meicity_BS_P2_tag42_H2,Miseq
RNMB_meicity_BS_P2_tag42_H3,Miseq
RNMB_meicity_BS_P2_tag42_H4,Miseq
RNMB_meicity_BS_P2_tag42_H5,Miseq
RNMB_meicity_BS_P2_tag42_H6,Miseq
RNMB_meicity_BS_P2_tag42_H7,Miseq
RNMB_meicity_BS_P2_tag42_H8,Miseq
RNMB_meicity_BS_P2_tag42_H9,Miseq
RNMB_Mix_BS_PIX_tag34_A1,Miseq
RNMB_Mix_BS_PIX_tag34_A2,Miseq
RNMB_Mix_BS_PIX_tag34_A3,Miseq
RNMB_Mix_BS_PIX_tag34_A4,Miseq
RNMB_Mix_BS_PIX_tag34_A5,Miseq
RNMB_Mix_BS_PIX_tag34_A6,Miseq
RNMB_Mix_BS_PIX_tag34_A7,Miseq
RNMB_Mix_BS_PIX_tag34_B1,Miseq
RNMB_Mix_BS_PIX_tag34_B2,Miseq
RNMB_Mix_BS_PIX_tag34_B3,Miseq
RNMB_Mix_BS_PIX_tag34_B4,Miseq
RNMB_Mix_BS_PIX_tag34_B5,Miseq
RNMB_Mix_BS_PIX_tag34_B6,Miseq
RNMB_Mix_BS_PIX_tag34_C1,Miseq
RNMB_Mix_BS_PIX_tag34_C2,Miseq
RNMB_Mix_BS_PIX_tag34_C3,Miseq
RNMB_Mix_BS_PIX_tag34_C4,Miseq
RNMB_Mix_BS_PIX_tag34_C5,Miseq
RNMB_Mix_BS_PIX_tag34_C6,Miseq
RNMB_Mix_BS_PIX_tag34_D1,Miseq
RNMB_Mix_BS_PIX_tag34_D2,Miseq
RNMB_Mix_BS_PIX_tag34_D3,Miseq
RNMB_Mix_BS_PIX_tag34_D4,Miseq
RNMB_Mix_BS_PIX_tag34_D5,Miseq
RNMB_Mix_BS_PIX_tag34_D6,Miseq
RNMB_Mix_BS_PIX_tag34_E1,Miseq
RNMB_Mix_BS_PIX_tag34_E2,Miseq
RNMB_Mix_BS_PIX_tag34_E3,Miseq
RNMB_Mix_BS_PIX_tag34_E4,Miseq
RNMB_Mix_BS_PIX_tag34_E5,Miseq
RNMB_Mix_BS_PIX_tag34_E6,Miseq
RNMB_Mix_BS_PIX_tag34_F1,Miseq
RNMB_Mix_BS_PIX_tag34_F2,Miseq
RNMB_Mix_BS_PIX_tag34_F3,Miseq
RNMB_Mix_BS_PIX_tag34_F4,Miseq
RNMB_Mix_BS_PIX_tag34_F5,Miseq
RNMB_Mix_BS_PIX_tag34_F6,Miseq
RNMB_Mix_BS_PIX_tag34_G1,Miseq
RNMB_Mix_BS_PIX_tag34_G2,Miseq
RNMB_Mix_BS_PIX_tag34_G3,Miseq
RNMB_Mix_BS_PIX_tag34_G4,Miseq
RNMB_Mix_BS_PIX_tag34_G5,Miseq
RNMB_Mix_BS_PIX_tag34_G6,Miseq
RNMB_Mix_BS_PIX_tag34_H1,Miseq
RNMB_Mix_BS_PIX_tag34_H2,Miseq
RNMB_Mix_BS_PIX_tag34_H3,Miseq
RNMB_Mix_BS_PIX_tag34_H4,Miseq
RNMB_Mix_BS_PIX_tag34_H5,Miseq
RNMB_Mix_BS_PIX_tag34_H6,Miseq
RNMB_YHM_BS_P1_tag15_A10,Miseq
RNMB_YHM_BS_P1_tag15_A11,Miseq
RNMB_YHM_BS_P1_tag15_A12,Miseq
RNMB_YHM_BS_P1_tag15_A1,Miseq
RNMB_YHM_BS_P1_tag15_A2,Miseq
RNMB_YHM_BS_P1_tag15_A3,Miseq
RNMB_YHM_BS_P1_tag15_A4,Miseq
RNMB_YHM_BS_P1_tag15_A5,Miseq
RNMB_YHM_BS_P1_tag15_A6,Miseq
RNMB_YHM_BS_P1_tag15_A7,Miseq
RNMB_YHM_BS_P1_tag15_A8,Miseq
RNMB_YHM_BS_P1_tag15_A9,Miseq
RNMB_YHM_BS_P1_tag15_B10,Miseq
RNMB_YHM_BS_P1_tag15_B11,Miseq
RNMB_YHM_BS_P1_tag15_B12,Miseq
RNMB_YHM_BS_P1_tag15_B1,Miseq
RNMB_YHM_BS_P1_tag15_B2,Miseq
RNMB_YHM_BS_P1_tag15_B3,Miseq
RNMB_YHM_BS_P1_tag15_B4,Miseq
RNMB_YHM_BS_P1_tag15_B5,Miseq
RNMB_YHM_BS_P1_tag15_B6,Miseq
RNMB_YHM_BS_P1_tag15_B7,Miseq
RNMB_YHM_BS_P1_tag15_B8,Miseq
RNMB_YHM_BS_P1_tag15_B9,Miseq
RNMB_YHM_BS_P1_tag15_C10,Miseq
RNMB_YHM_BS_P1_tag15_C11,Miseq
RNMB_YHM_BS_P1_tag15_C12,Miseq
RNMB_YHM_BS_P1_tag15_C1,Miseq
RNMB_YHM_BS_P1_tag15_C2,Miseq
RNMB_YHM_BS_P1_tag15_C3,Miseq
RNMB_YHM_BS_P1_tag15_C4,Miseq
RNMB_YHM_BS_P1_tag15_C5,Miseq
RNMB_YHM_BS_P1_tag15_C6,Miseq
RNMB_YHM_BS_P1_tag15_C7,Miseq
RNMB_YHM_BS_P1_tag15_C8,Miseq
RNMB_YHM_BS_P1_tag15_C9,Miseq
RNMB_YHM_BS_P1_tag15_D10,Miseq
RNMB_YHM_BS_P1_tag15_D11,Miseq
RNMB_YHM_BS_P1_tag15_D12,Miseq
RNMB_YHM_BS_P1_tag15_D1,Miseq
RNMB_YHM_BS_P1_tag15_D2,Miseq
RNMB_YHM_BS_P1_tag15_D3,Miseq
RNMB_YHM_BS_P1_tag15_D4,Miseq
RNMB_YHM_BS_P1_tag15_D5,Miseq
RNMB_YHM_BS_P1_tag15_D6,Miseq
RNMB_YHM_BS_P1_tag15_D7,Miseq
RNMB_YHM_BS_P1_tag15_D8,Miseq
RNMB_YHM_BS_P1_tag15_D9,Miseq
RNMB_YHM_BS_P1_tag15_E10,Miseq
RNMB_YHM_BS_P1_tag15_E11,Miseq
RNMB_YHM_BS_P1_tag15_E12,Miseq
RNMB_YHM_BS_P1_tag15_E1,Miseq
RNMB_YHM_BS_P1_tag15_E2,Miseq
RNMB_YHM_BS_P1_tag15_E3,Miseq
RNMB_YHM_BS_P1_tag15_E4,Miseq
RNMB_YHM_BS_P1_tag15_E5,Miseq
RNMB_YHM_BS_P1_tag15_E6,Miseq
RNMB_YHM_BS_P1_tag15_E7,Miseq
RNMB_YHM_BS_P1_tag15_E8,Miseq
RNMB_YHM_BS_P1_tag15_E9,Miseq
RNMB_YHM_BS_P1_tag15_F10,Miseq
RNMB_YHM_BS_P1_tag15_F11,Miseq
RNMB_YHM_BS_P1_tag15_F12,Miseq
RNMB_YHM_BS_P1_tag15_F1,Miseq
RNMB_YHM_BS_P1_tag15_F2,Miseq
RNMB_YHM_BS_P1_tag15_F3,Miseq
RNMB_YHM_BS_P1_tag15_F4,Miseq
RNMB_YHM_BS_P1_tag15_F5,Miseq
RNMB_YHM_BS_P1_tag15_F6,Miseq
RNMB_YHM_BS_P1_tag15_F7,Miseq
RNMB_YHM_BS_P1_tag15_F8,Miseq
RNMB_YHM_BS_P1_tag15_F9,Miseq
RNMB_YHM_BS_P1_tag15_G10,Miseq
RNMB_YHM_BS_P1_tag15_G11,Miseq
RNMB_YHM_BS_P1_tag15_G12,Miseq
RNMB_YHM_BS_P1_tag15_G1,Miseq
RNMB_YHM_BS_P1_tag15_G2,Miseq
RNMB_YHM_BS_P1_tag15_G3,Miseq
RNMB_YHM_BS_P1_tag15_G4,Miseq
RNMB_YHM_BS_P1_tag15_G5,Miseq
RNMB_YHM_BS_P1_tag15_G6,Miseq
RNMB_YHM_BS_P1_tag15_G7,Miseq
RNMB_YHM_BS_P1_tag15_G8,Miseq
RNMB_YHM_BS_P1_tag15_G9,Miseq
RNMB_YHM_BS_P1_tag15_H10,Miseq
RNMB_YHM_BS_P1_tag15_H11,Miseq
RNMB_YHM_BS_P1_tag15_H12,Miseq
RNMB_YHM_BS_P1_tag15_H1,Miseq
RNMB_YHM_BS_P1_tag15_H2,Miseq
RNMB_YHM_BS_P1_tag15_H3,Miseq
RNMB_YHM_BS_P1_tag15_H4,Miseq
RNMB_YHM_BS_P1_tag15_H5,Miseq
RNMB_YHM_BS_P1_tag15_H6,Miseq
RNMB_YHM_BS_P1_tag15_H7,Miseq
RNMB_YHM_BS_P1_tag15_H8,Miseq
RNMB_YHM_BS_P1_tag15_H9,Miseq
RNMB_YHM_BS_P2_tag38_A10,Miseq
RNMB_YHM_BS_P2_tag38_A11,Miseq
RNMB_YHM_BS_P2_tag38_A12,Miseq
RNMB_YHM_BS_P2_tag38_A1,Miseq
RNMB_YHM_BS_P2_tag38_A2,Miseq
RNMB_YHM_BS_P2_tag38_A3,Miseq
RNMB_YHM_BS_P2_tag38_A4,Miseq
RNMB_YHM_BS_P2_tag38_A5,Miseq
RNMB_YHM_BS_P2_tag38_A6,Miseq
RNMB_YHM_BS_P2_tag38_A7,Miseq
RNMB_YHM_BS_P2_tag38_A8,Miseq
RNMB_YHM_BS_P2_tag38_A9,Miseq
RNMB_YHM_BS_P2_tag38_B10,Miseq
RNMB_YHM_BS_P2_tag38_B11,Miseq
RNMB_YHM_BS_P2_tag38_B12,Miseq
RNMB_YHM_BS_P2_tag38_B1,Miseq
RNMB_YHM_BS_P2_tag38_B2,Miseq
RNMB_YHM_BS_P2_tag38_B3,Miseq
RNMB_YHM_BS_P2_tag38_B4,Miseq
RNMB_YHM_BS_P2_tag38_B5,Miseq
RNMB_YHM_BS_P2_tag38_B6,Miseq
RNMB_YHM_BS_P2_tag38_B7,Miseq
RNMB_YHM_BS_P2_tag38_B8,Miseq
RNMB_YHM_BS_P2_tag38_B9,Miseq
RNMB_YHM_BS_P2_tag38_C10,Miseq
RNMB_YHM_BS_P2_tag38_C11,Miseq
RNMB_YHM_BS_P2_tag38_C12,Miseq
RNMB_YHM_BS_P2_tag38_C1,Miseq
RNMB_YHM_BS_P2_tag38_C2,Miseq
RNMB_YHM_BS_P2_tag38_C3,Miseq
RNMB_YHM_BS_P2_tag38_C4,Miseq
RNMB_YHM_BS_P2_tag38_C5,Miseq
RNMB_YHM_BS_P2_tag38_C6,Miseq
RNMB_YHM_BS_P2_tag38_C7,Miseq
RNMB_YHM_BS_P2_tag38_C8,Miseq
RNMB_YHM_BS_P2_tag38_C9,Miseq
RNMB_YHM_BS_P2_tag38_D10,Miseq
RNMB_YHM_BS_P2_tag38_D11,Miseq
RNMB_YHM_BS_P2_tag38_D12,Miseq
RNMB_YHM_BS_P2_tag38_D1,Miseq
RNMB_YHM_BS_P2_tag38_D2,Miseq
RNMB_YHM_BS_P2_tag38_D3,Miseq
RNMB_YHM_BS_P2_tag38_D4,Miseq
RNMB_YHM_BS_P2_tag38_D5,Miseq
RNMB_YHM_BS_P2_tag38_D6,Miseq
RNMB_YHM_BS_P2_tag38_D7,Miseq
RNMB_YHM_BS_P2_tag38_D8,Miseq
RNMB_YHM_BS_P2_tag38_D9,Miseq
RNMB_YHM_BS_P2_tag38_E10,Miseq
RNMB_YHM_BS_P2_tag38_E11,Miseq
RNMB_YHM_BS_P2_tag38_E12,Miseq
RNMB_YHM_BS_P2_tag38_E1,Miseq
RNMB_YHM_BS_P2_tag38_E2,Miseq
RNMB_YHM_BS_P2_tag38_E3,Miseq
RNMB_YHM_BS_P2_tag38_E4,Miseq
RNMB_YHM_BS_P2_tag38_E5,Miseq
RNMB_YHM_BS_P2_tag38_E6,Miseq
RNMB_YHM_BS_P2_tag38_E7,Miseq
RNMB_YHM_BS_P2_tag38_E8,Miseq
RNMB_YHM_BS_P2_tag38_E9,Miseq
RNMB_YHM_BS_P2_tag38_F10,Miseq
RNMB_YHM_BS_P2_tag38_F11,Miseq
RNMB_YHM_BS_P2_tag38_F12,Miseq
RNMB_YHM_BS_P2_tag38_F1,Miseq
RNMB_YHM_BS_P2_tag38_F2,Miseq
RNMB_YHM_BS_P2_tag38_F3,Miseq
RNMB_YHM_BS_P2_tag38_F4,Miseq
RNMB_YHM_BS_P2_tag38_F5,Miseq
RNMB_YHM_BS_P2_tag38_F6,Miseq
RNMB_YHM_BS_P2_tag38_F7,Miseq
RNMB_YHM_BS_P2_tag38_F8,Miseq
RNMB_YHM_BS_P2_tag38_F9,Miseq
RNMB_YHM_BS_P2_tag38_G10,Miseq
RNMB_YHM_BS_P2_tag38_G11,Miseq
RNMB_YHM_BS_P2_tag38_G12,Miseq
RNMB_YHM_BS_P2_tag38_G1,Miseq
RNMB_YHM_BS_P2_tag38_G2,Miseq
RNMB_YHM_BS_P2_tag38_G3,Miseq
RNMB_YHM_BS_P2_tag38_G4,Miseq
RNMB_YHM_BS_P2_tag38_G5,Miseq
RNMB_YHM_BS_P2_tag38_G6,Miseq
RNMB_YHM_BS_P2_tag38_G7,Miseq
RNMB_YHM_BS_P2_tag38_G8,Miseq
RNMB_YHM_BS_P2_tag38_G9,Miseq
RNMB_YHM_BS_P2_tag38_H10,Miseq
RNMB_YHM_BS_P2_tag38_H11,Miseq
RNMB_YHM_BS_P2_tag38_H12,Miseq
RNMB_YHM_BS_P2_tag38_H1,Miseq
RNMB_YHM_BS_P2_tag38_H2,Miseq
RNMB_YHM_BS_P2_tag38_H3,Miseq
RNMB_YHM_BS_P2_tag38_H4,Miseq
RNMB_YHM_BS_P2_tag38_H5,Miseq
RNMB_YHM_BS_P2_tag38_H6,Miseq
RNMB_YHM_BS_P2_tag38_H7,Miseq
RNMB_YHM_BS_P2_tag38_H8,Miseq
RNMB_YHM_BS_P2_tag38_H9,Miseq
RNMB_YHM_BS_P3_tag53_A10,Miseq
RNMB_YHM_BS_P3_tag53_A11,Miseq
RNMB_YHM_BS_P3_tag53_A12,Miseq
RNMB_YHM_BS_P3_tag53_A1,Miseq
RNMB_YHM_BS_P3_tag53_A2,Miseq
RNMB_YHM_BS_P3_tag53_A3,Miseq
RNMB_YHM_BS_P3_tag53_A4,Miseq
RNMB_YHM_BS_P3_tag53_A5,Miseq
RNMB_YHM_BS_P3_tag53_A6,Miseq
RNMB_YHM_BS_P3_tag53_A7,Miseq
RNMB_YHM_BS_P3_tag53_A8,Miseq
RNMB_YHM_BS_P3_tag53_A9,Miseq
RNMB_YHM_BS_P3_tag53_B10,Miseq
RNMB_YHM_BS_P3_tag53_B11,Miseq
RNMB_YHM_BS_P3_tag53_B12,Miseq
RNMB_YHM_BS_P3_tag53_B1,Miseq
RNMB_YHM_BS_P3_tag53_B2,Miseq
RNMB_YHM_BS_P3_tag53_B3,Miseq
RNMB_YHM_BS_P3_tag53_B4,Miseq
RNMB_YHM_BS_P3_tag53_B5,Miseq
RNMB_YHM_BS_P3_tag53_B6,Miseq
RNMB_YHM_BS_P3_tag53_B7,Miseq
RNMB_YHM_BS_P3_tag53_B8,Miseq
RNMB_YHM_BS_P3_tag53_B9,Miseq
RNMB_YHM_BS_P3_tag53_C10,Miseq
RNMB_YHM_BS_P3_tag53_C11,Miseq
RNMB_YHM_BS_P3_tag53_C12,Miseq
RNMB_YHM_BS_P3_tag53_C1,Miseq
RNMB_YHM_BS_P3_tag53_C2,Miseq
RNMB_YHM_BS_P3_tag53_C3,Miseq
RNMB_YHM_BS_P3_tag53_C4,Miseq
RNMB_YHM_BS_P3_tag53_C5,Miseq
RNMB_YHM_BS_P3_tag53_C6,Miseq
RNMB_YHM_BS_P3_tag53_C7,Miseq
RNMB_YHM_BS_P3_tag53_C8,Miseq
RNMB_YHM_BS_P3_tag53_C9,Miseq
RNMB_YHM_BS_P3_tag53_D10,Miseq
RNMB_YHM_BS_P3_tag53_D11,Miseq
RNMB_YHM_BS_P3_tag53_D12,Miseq
RNMB_YHM_BS_P3_tag53_D1,Miseq
RNMB_YHM_BS_P3_tag53_D2,Miseq
RNMB_YHM_BS_P3_tag53_D3,Miseq
RNMB_YHM_BS_P3_tag53_D4,Miseq
RNMB_YHM_BS_P3_tag53_D5,Miseq
RNMB_YHM_BS_P3_tag53_D6,Miseq
RNMB_YHM_BS_P3_tag53_D7,Miseq
RNMB_YHM_BS_P3_tag53_D8,Miseq
RNMB_YHM_BS_P3_tag53_D9,Miseq
RNMB_YHM_BS_P3_tag53_E10,Miseq
RNMB_YHM_BS_P3_tag53_E11,Miseq
RNMB_YHM_BS_P3_tag53_E12,Miseq
RNMB_YHM_BS_P3_tag53_E1,Miseq
RNMB_YHM_BS_P3_tag53_E2,Miseq
RNMB_YHM_BS_P3_tag53_E3,Miseq
RNMB_YHM_BS_P3_tag53_E4,Miseq
RNMB_YHM_BS_P3_tag53_E5,Miseq
RNMB_YHM_BS_P3_tag53_E6,Miseq
RNMB_YHM_BS_P3_tag53_E7,Miseq
RNMB_YHM_BS_P3_tag53_E8,Miseq
RNMB_YHM_BS_P3_tag53_E9,Miseq
RNMB_YHM_BS_P3_tag53_F10,Miseq
RNMB_YHM_BS_P3_tag53_F11,Miseq
RNMB_YHM_BS_P3_tag53_F12,Miseq
RNMB_YHM_BS_P3_tag53_F1,Miseq
RNMB_YHM_BS_P3_tag53_F2,Miseq
RNMB_YHM_BS_P3_tag53_F3,Miseq
RNMB_YHM_BS_P3_tag53_F4,Miseq
RNMB_YHM_BS_P3_tag53_F5,Miseq
RNMB_YHM_BS_P3_tag53_F6,Miseq
RNMB_YHM_BS_P3_tag53_F7,Miseq
RNMB_YHM_BS_P3_tag53_F8,Miseq
RNMB_YHM_BS_P3_tag53_F9,Miseq
RNMB_YHM_BS_P3_tag53_G10,Miseq
RNMB_YHM_BS_P3_tag53_G11,Miseq
RNMB_YHM_BS_P3_tag53_G12,Miseq
RNMB_YHM_BS_P3_tag53_G1,Miseq
RNMB_YHM_BS_P3_tag53_G2,Miseq
RNMB_YHM_BS_P3_tag53_G3,Miseq
RNMB_YHM_BS_P3_tag53_G4,Miseq
RNMB_YHM_BS_P3_tag53_G5,Miseq
RNMB_YHM_BS_P3_tag53_G6,Miseq
RNMB_YHM_BS_P3_tag53_G7,Miseq
RNMB_YHM_BS_P3_tag53_G8,Miseq
RNMB_YHM_BS_P3_tag53_G9,Miseq
RNMB_YHM_BS_P3_tag53_H10,Miseq
RNMB_YHM_BS_P3_tag53_H11,Miseq
RNMB_YHM_BS_P3_tag53_H12,Miseq
RNMB_YHM_BS_P3_tag53_H1,Miseq
RNMB_YHM_BS_P3_tag53_H2,Miseq
RNMB_YHM_BS_P3_tag53_H3,Miseq
RNMB_YHM_BS_P3_tag53_H4,Miseq
RNMB_YHM_BS_P3_tag53_H5,Miseq
RNMB_YHM_BS_P3_tag53_H6,Miseq
RNMB_YHM_BS_P3_tag53_H7,Miseq
RNMB_YHM_BS_P3_tag53_H8,Miseq
RNMB_YHM_BS_P3_tag53_H9,Miseq
RNBC1_QLMSP4_tag11_A10,Hiseq
RNBC1_QLMSP4_tag11_A11,Hiseq
RNBC1_QLMSP4_tag11_A12,Hiseq
RNBC1_QLMSP4_tag11_A1,Hiseq
RNBC1_QLMSP4_tag11_A2,Hiseq
RNBC1_QLMSP4_tag11_A3,Hiseq
RNBC1_QLMSP4_tag11_A4,Hiseq
RNBC1_QLMSP4_tag11_A5,Hiseq
RNBC1_QLMSP4_tag11_A6,Hiseq
RNBC1_QLMSP4_tag11_A7,Hiseq
RNBC1_QLMSP4_tag11_A8,Hiseq
RNBC1_QLMSP4_tag11_A9,Hiseq
RNBC1_QLMSP4_tag11_B10,Hiseq
RNBC1_QLMSP4_tag11_B11,Hiseq
RNBC1_QLMSP4_tag11_B12,Hiseq
RNBC1_QLMSP4_tag11_B1,Hiseq
RNBC1_QLMSP4_tag11_B2,Hiseq
RNBC1_QLMSP4_tag11_B3,Hiseq
RNBC1_QLMSP4_tag11_B4,Hiseq
RNBC1_QLMSP4_tag11_B5,Hiseq
RNBC1_QLMSP4_tag11_B6,Hiseq
RNBC1_QLMSP4_tag11_B7,Hiseq
RNBC1_QLMSP4_tag11_B8,Hiseq
RNBC1_QLMSP4_tag11_B9,Hiseq
RNBC1_QLMSP4_tag11_C10,Hiseq
RNBC1_QLMSP4_tag11_C11,Hiseq
RNBC1_QLMSP4_tag11_C12,Hiseq
RNBC1_QLMSP4_tag11_C1,Hiseq
RNBC1_QLMSP4_tag11_C2,Hiseq
RNBC1_QLMSP4_tag11_C3,Hiseq
RNBC1_QLMSP4_tag11_C4,Hiseq
RNBC1_QLMSP4_tag11_C5,Hiseq
RNBC1_QLMSP4_tag11_C6,Hiseq
RNBC1_QLMSP4_tag11_C7,Hiseq
RNBC1_QLMSP4_tag11_C8,Hiseq
RNBC1_QLMSP4_tag11_C9,Hiseq
RNBC1_QLMSP4_tag11_D10,Hiseq
RNBC1_QLMSP4_tag11_D11,Hiseq
RNBC1_QLMSP4_tag11_D12,Hiseq
RNBC1_QLMSP4_tag11_D1,Hiseq
RNBC1_QLMSP4_tag11_D2,Hiseq
RNBC1_QLMSP4_tag11_D3,Hiseq
RNBC1_QLMSP4_tag11_D4,Hiseq
RNBC1_QLMSP4_tag11_D5,Hiseq
RNBC1_QLMSP4_tag11_D6,Hiseq
RNBC1_QLMSP4_tag11_D7,Hiseq
RNBC1_QLMSP4_tag11_D8,Hiseq
RNBC1_QLMSP4_tag11_D9,Hiseq
RNBC1_QLMSP4_tag11_E10,Hiseq
RNBC1_QLMSP4_tag11_E11,Hiseq
RNBC1_QLMSP4_tag11_E12,Hiseq
RNBC1_QLMSP4_tag11_E1,Hiseq
RNBC1_QLMSP4_tag11_E2,Hiseq
RNBC1_QLMSP4_tag11_E3,Hiseq
RNBC1_QLMSP4_tag11_E4,Hiseq
RNBC1_QLMSP4_tag11_E5,Hiseq
RNBC1_QLMSP4_tag11_E6,Hiseq
RNBC1_QLMSP4_tag11_E7,Hiseq
RNBC1_QLMSP4_tag11_E8,Hiseq
RNBC1_QLMSP4_tag11_E9,Hiseq
RNBC1_QLMSP4_tag11_F10,Hiseq
RNBC1_QLMSP4_tag11_F11,Hiseq
RNBC1_QLMSP4_tag11_F12,Hiseq
RNBC1_QLMSP4_tag11_F1,Hiseq
RNBC1_QLMSP4_tag11_F2,Hiseq
RNBC1_QLMSP4_tag11_F3,Hiseq
RNBC1_QLMSP4_tag11_F4,Hiseq
RNBC1_QLMSP4_tag11_F5,Hiseq
RNBC1_QLMSP4_tag11_F6,Hiseq
RNBC1_QLMSP4_tag11_F7,Hiseq
RNBC1_QLMSP4_tag11_F8,Hiseq
RNBC1_QLMSP4_tag11_F9,Hiseq
RNBC1_QLMSP4_tag11_G10,Hiseq
RNBC1_QLMSP4_tag11_G11,Hiseq
RNBC1_QLMSP4_tag11_G12,Hiseq
RNBC1_QLMSP4_tag11_G1,Hiseq
RNBC1_QLMSP4_tag11_G2,Hiseq
RNBC1_QLMSP4_tag11_G3,Hiseq
RNBC1_QLMSP4_tag11_G4,Hiseq
RNBC1_QLMSP4_tag11_G5,Hiseq
RNBC1_QLMSP4_tag11_G6,Hiseq
RNBC1_QLMSP4_tag11_G7,Hiseq
RNBC1_QLMSP4_tag11_G8,Hiseq
RNBC1_QLMSP4_tag11_G9,Hiseq
RNBC1_QLMSP4_tag11_H10,Hiseq
RNBC1_QLMSP4_tag11_H11,Hiseq
RNBC1_QLMSP4_tag11_H12,Hiseq
RNBC1_QLMSP4_tag11_H1,Hiseq
RNBC1_QLMSP4_tag11_H2,Hiseq
RNBC1_QLMSP4_tag11_H3,Hiseq
RNBC1_QLMSP4_tag11_H4,Hiseq
RNBC1_QLMSP4_tag11_H5,Hiseq
RNBC1_QLMSP4_tag11_H6,Hiseq
RNBC1_QLMSP4_tag11_H7,Hiseq
RNBC1_QLMSP4_tag11_H8,Hiseq
RNBC1_QLMSP4_tag11_H9,Hiseq
RNBC1_QLMSP5_tag03_A10,Hiseq
RNBC1_QLMSP5_tag03_A11,Hiseq
RNBC1_QLMSP5_tag03_A12,Hiseq
RNBC1_QLMSP5_tag03_A1,Hiseq
RNBC1_QLMSP5_tag03_A2,Hiseq
RNBC1_QLMSP5_tag03_A3,Hiseq
RNBC1_QLMSP5_tag03_A4,Hiseq
RNBC1_QLMSP5_tag03_A5,Hiseq
RNBC1_QLMSP5_tag03_A6,Hiseq
RNBC1_QLMSP5_tag03_A7,Hiseq
RNBC1_QLMSP5_tag03_A8,Hiseq
RNBC1_QLMSP5_tag03_A9,Hiseq
RNBC1_QLMSP5_tag03_B10,Hiseq
RNBC1_QLMSP5_tag03_B11,Hiseq
RNBC1_QLMSP5_tag03_B12,Hiseq
RNBC1_QLMSP5_tag03_B1,Hiseq
RNBC1_QLMSP5_tag03_B2,Hiseq
RNBC1_QLMSP5_tag03_B3,Hiseq
RNBC1_QLMSP5_tag03_B4,Hiseq
RNBC1_QLMSP5_tag03_B5,Hiseq
RNBC1_QLMSP5_tag03_B6,Hiseq
RNBC1_QLMSP5_tag03_B7,Hiseq
RNBC1_QLMSP5_tag03_B8,Hiseq
RNBC1_QLMSP5_tag03_B9,Hiseq
RNBC1_QLMSP5_tag03_C10,Hiseq
RNBC1_QLMSP5_tag03_C11,Hiseq
RNBC1_QLMSP5_tag03_C12,Hiseq
RNBC1_QLMSP5_tag03_C1,Hiseq
RNBC1_QLMSP5_tag03_C2,Hiseq
RNBC1_QLMSP5_tag03_C3,Hiseq
RNBC1_QLMSP5_tag03_C4,Hiseq
RNBC1_QLMSP5_tag03_C5,Hiseq
RNBC1_QLMSP5_tag03_C6,Hiseq
RNBC1_QLMSP5_tag03_C7,Hiseq
RNBC1_QLMSP5_tag03_C8,Hiseq
RNBC1_QLMSP5_tag03_C9,Hiseq
RNBC1_QLMSP5_tag03_D10,Hiseq
RNBC1_QLMSP5_tag03_D11,Hiseq
RNBC1_QLMSP5_tag03_D12,Hiseq
RNBC1_QLMSP5_tag03_D1,Hiseq
RNBC1_QLMSP5_tag03_D2,Hiseq
RNBC1_QLMSP5_tag03_D3,Hiseq
RNBC1_QLMSP5_tag03_D4,Hiseq
RNBC1_QLMSP5_tag03_D5,Hiseq
RNBC1_QLMSP5_tag03_D6,Hiseq
RNBC1_QLMSP5_tag03_D7,Hiseq
RNBC1_QLMSP5_tag03_D8,Hiseq
RNBC1_QLMSP5_tag03_D9,Hiseq
RNBC1_QLMSP5_tag03_E10,Hiseq
RNBC1_QLMSP5_tag03_E11,Hiseq
RNBC1_QLMSP5_tag03_E12,Hiseq
RNBC1_QLMSP5_tag03_E1,Hiseq
RNBC1_QLMSP5_tag03_E2,Hiseq
RNBC1_QLMSP5_tag03_E3,Hiseq
RNBC1_QLMSP5_tag03_E4,Hiseq
RNBC1_QLMSP5_tag03_E5,Hiseq
RNBC1_QLMSP5_tag03_E6,Hiseq
RNBC1_QLMSP5_tag03_E7,Hiseq
RNBC1_QLMSP5_tag03_E8,Hiseq
RNBC1_QLMSP5_tag03_E9,Hiseq
RNBC1_QLMSP5_tag03_F10,Hiseq
RNBC1_QLMSP5_tag03_F11,Hiseq
RNBC1_QLMSP5_tag03_F12,Hiseq
RNBC1_QLMSP5_tag03_F1,Hiseq
RNBC1_QLMSP5_tag03_F2,Hiseq
RNBC1_QLMSP5_tag03_F3,Hiseq
RNBC1_QLMSP5_tag03_F4,Hiseq
RNBC1_QLMSP5_tag03_F5,Hiseq
RNBC1_QLMSP5_tag03_F6,Hiseq
RNBC1_QLMSP5_tag03_F7,Hiseq
RNBC1_QLMSP5_tag03_F8,Hiseq
RNBC1_QLMSP5_tag03_F9,Hiseq
RNBC1_QLMSP5_tag03_G10,Hiseq
RNBC1_QLMSP5_tag03_G11,Hiseq
RNBC1_QLMSP5_tag03_G12,Hiseq
RNBC1_QLMSP5_tag03_G1,Hiseq
RNBC1_QLMSP5_tag03_G2,Hiseq
RNBC1_QLMSP5_tag03_G3,Hiseq
RNBC1_QLMSP5_tag03_G4,Hiseq
RNBC1_QLMSP5_tag03_G5,Hiseq
RNBC1_QLMSP5_tag03_G6,Hiseq
RNBC1_QLMSP5_tag03_G7,Hiseq
RNBC1_QLMSP5_tag03_G8,Hiseq
RNBC1_QLMSP5_tag03_G9,Hiseq
RNBC1_QLMSP5_tag03_H10,Hiseq
RNBC1_QLMSP5_tag03_H11,Hiseq
RNBC1_QLMSP5_tag03_H12,Hiseq
RNBC1_QLMSP5_tag03_H1,Hiseq
RNBC1_QLMSP5_tag03_H2,Hiseq
RNBC1_QLMSP5_tag03_H3,Hiseq
RNBC1_QLMSP5_tag03_H4,Hiseq
RNBC1_QLMSP5_tag03_H5,Hiseq
RNBC1_QLMSP5_tag03_H6,Hiseq
RNBC1_QLMSP5_tag03_H7,Hiseq
RNBC1_QLMSP5_tag03_H8,Hiseq
RNBC1_QLMSP5_tag03_H9,Hiseq
RNBC1_QLMSP6_tag05_A10,Hiseq
RNBC1_QLMSP6_tag05_A11,Hiseq
RNBC1_QLMSP6_tag05_A12,Hiseq
RNBC1_QLMSP6_tag05_A1,Hiseq
RNBC1_QLMSP6_tag05_A2,Hiseq
RNBC1_QLMSP6_tag05_A3,Hiseq
RNBC1_QLMSP6_tag05_A4,Hiseq
RNBC1_QLMSP6_tag05_A5,Hiseq
RNBC1_QLMSP6_tag05_A6,Hiseq
RNBC1_QLMSP6_tag05_A7,Hiseq
RNBC1_QLMSP6_tag05_A8,Hiseq
RNBC1_QLMSP6_tag05_A9,Hiseq
RNBC1_QLMSP6_tag05_B10,Hiseq
RNBC1_QLMSP6_tag05_B11,Hiseq
RNBC1_QLMSP6_tag05_B12,Hiseq
RNBC1_QLMSP6_tag05_B1,Hiseq
RNBC1_QLMSP6_tag05_B2,Hiseq
RNBC1_QLMSP6_tag05_B3,Hiseq
RNBC1_QLMSP6_tag05_B4,Hiseq
RNBC1_QLMSP6_tag05_B5,Hiseq
RNBC1_QLMSP6_tag05_B6,Hiseq
RNBC1_QLMSP6_tag05_B7,Hiseq
RNBC1_QLMSP6_tag05_B8,Hiseq
RNBC1_QLMSP6_tag05_B9,Hiseq
RNBC1_QLMSP6_tag05_C10,Hiseq
RNBC1_QLMSP6_tag05_C11,Hiseq
RNBC1_QLMSP6_tag05_C12,Hiseq
RNBC1_QLMSP6_tag05_C1,Hiseq
RNBC1_QLMSP6_tag05_C2,Hiseq
RNBC1_QLMSP6_tag05_C3,Hiseq
RNBC1_QLMSP6_tag05_C4,Hiseq
RNBC1_QLMSP6_tag05_C5,Hiseq
RNBC1_QLMSP6_tag05_C6,Hiseq
RNBC1_QLMSP6_tag05_C7,Hiseq
RNBC1_QLMSP6_tag05_C8,Hiseq
RNBC1_QLMSP6_tag05_C9,Hiseq
RNBC1_QLMSP6_tag05_D10,Hiseq
RNBC1_QLMSP6_tag05_D11,Hiseq
RNBC1_QLMSP6_tag05_D12,Hiseq
RNBC1_QLMSP6_tag05_D1,Hiseq
RNBC1_QLMSP6_tag05_D2,Hiseq
RNBC1_QLMSP6_tag05_D3,Hiseq
RNBC1_QLMSP6_tag05_D4,Hiseq
RNBC1_QLMSP6_tag05_D5,Hiseq
RNBC1_QLMSP6_tag05_D6,Hiseq
RNBC1_QLMSP6_tag05_D7,Hiseq
RNBC1_QLMSP6_tag05_D8,Hiseq
RNBC1_QLMSP6_tag05_D9,Hiseq
RNBC1_QLMSP6_tag05_E10,Hiseq
RNBC1_QLMSP6_tag05_E11,Hiseq
RNBC1_QLMSP6_tag05_E12,Hiseq
RNBC1_QLMSP6_tag05_E1,Hiseq
RNBC1_QLMSP6_tag05_E2,Hiseq
RNBC1_QLMSP6_tag05_E3,Hiseq
RNBC1_QLMSP6_tag05_E4,Hiseq
RNBC1_QLMSP6_tag05_E5,Hiseq
RNBC1_QLMSP6_tag05_E6,Hiseq
RNBC1_QLMSP6_tag05_E7,Hiseq
RNBC1_QLMSP6_tag05_E8,Hiseq
RNBC1_QLMSP6_tag05_E9,Hiseq
RNBC1_QLMSP6_tag05_F10,Hiseq
RNBC1_QLMSP6_tag05_F11,Hiseq
RNBC1_QLMSP6_tag05_F12,Hiseq
RNBC1_QLMSP6_tag05_F1,Hiseq
RNBC1_QLMSP6_tag05_F2,Hiseq
RNBC1_QLMSP6_tag05_F3,Hiseq
RNBC1_QLMSP6_tag05_F4,Hiseq
RNBC1_QLMSP6_tag05_F5,Hiseq
RNBC1_QLMSP6_tag05_F6,Hiseq
RNBC1_QLMSP6_tag05_F7,Hiseq
RNBC1_QLMSP6_tag05_F8,Hiseq
RNBC1_QLMSP6_tag05_F9,Hiseq
RNBC1_QLMSP6_tag05_G10,Hiseq
RNBC1_QLMSP6_tag05_G11,Hiseq
RNBC1_QLMSP6_tag05_G12,Hiseq
RNBC1_QLMSP6_tag05_G1,Hiseq
RNBC1_QLMSP6_tag05_G2,Hiseq
RNBC1_QLMSP6_tag05_G3,Hiseq
RNBC1_QLMSP6_tag05_G4,Hiseq
RNBC1_QLMSP6_tag05_G5,Hiseq
RNBC1_QLMSP6_tag05_G6,Hiseq
RNBC1_QLMSP6_tag05_G7,Hiseq
RNBC1_QLMSP6_tag05_G8,Hiseq
RNBC1_QLMSP6_tag05_G9,Hiseq
RNBC1_QLMSP6_tag05_H10,Hiseq
RNBC1_QLMSP6_tag05_H11,Hiseq
RNBC1_QLMSP6_tag05_H12,Hiseq
RNBC1_QLMSP6_tag05_H1,Hiseq
RNBC1_QLMSP6_tag05_H2,Hiseq
RNBC1_QLMSP6_tag05_H3,Hiseq
RNBC1_QLMSP6_tag05_H4,Hiseq
RNBC1_QLMSP6_tag05_H5,Hiseq
RNBC1_QLMSP6_tag05_H6,Hiseq
RNBC1_QLMSP6_tag05_H7,Hiseq
RNBC1_QLMSP6_tag05_H8,Hiseq
RNBC1_QLMSP6_tag05_H9,Hiseq
RNBC1_QLMSP7_tag06_A10,Hiseq
RNBC1_QLMSP7_tag06_A11,Hiseq
RNBC1_QLMSP7_tag06_A12,Hiseq
RNBC1_QLMSP7_tag06_A1,Hiseq
RNBC1_QLMSP7_tag06_A2,Hiseq
RNBC1_QLMSP7_tag06_A3,Hiseq
RNBC1_QLMSP7_tag06_A4,Hiseq
RNBC1_QLMSP7_tag06_A5,Hiseq
RNBC1_QLMSP7_tag06_A6,Hiseq
RNBC1_QLMSP7_tag06_A7,Hiseq
RNBC1_QLMSP7_tag06_A8,Hiseq
RNBC1_QLMSP7_tag06_A9,Hiseq
RNBC1_QLMSP7_tag06_B10,Hiseq
RNBC1_QLMSP7_tag06_B11,Hiseq
RNBC1_QLMSP7_tag06_B12,Hiseq
RNBC1_QLMSP7_tag06_B1,Hiseq
RNBC1_QLMSP7_tag06_B2,Hiseq
RNBC1_QLMSP7_tag06_B3,Hiseq
RNBC1_QLMSP7_tag06_B4,Hiseq
RNBC1_QLMSP7_tag06_B5,Hiseq
RNBC1_QLMSP7_tag06_B6,Hiseq
RNBC1_QLMSP7_tag06_B7,Hiseq
RNBC1_QLMSP7_tag06_B8,Hiseq
RNBC1_QLMSP7_tag06_B9,Hiseq
RNBC1_QLMSP7_tag06_C10,Hiseq
RNBC1_QLMSP7_tag06_C11,Hiseq
RNBC1_QLMSP7_tag06_C12,Hiseq
RNBC1_QLMSP7_tag06_C1,Hiseq
RNBC1_QLMSP7_tag06_C2,Hiseq
RNBC1_QLMSP7_tag06_C3,Hiseq
RNBC1_QLMSP7_tag06_C4,Hiseq
RNBC1_QLMSP7_tag06_C5,Hiseq
RNBC1_QLMSP7_tag06_C6,Hiseq
RNBC1_QLMSP7_tag06_C7,Hiseq
RNBC1_QLMSP7_tag06_C8,Hiseq
RNBC1_QLMSP7_tag06_C9,Hiseq
RNBC1_QLMSP7_tag06_D10,Hiseq
RNBC1_QLMSP7_tag06_D11,Hiseq
RNBC1_QLMSP7_tag06_D12,Hiseq
RNBC1_QLMSP7_tag06_D1,Hiseq
RNBC1_QLMSP7_tag06_D2,Hiseq
RNBC1_QLMSP7_tag06_D3,Hiseq
RNBC1_QLMSP7_tag06_D4,Hiseq
RNBC1_QLMSP7_tag06_D5,Hiseq
RNBC1_QLMSP7_tag06_D6,Hiseq
RNBC1_QLMSP7_tag06_D7,Hiseq
RNBC1_QLMSP7_tag06_D8,Hiseq
RNBC1_QLMSP7_tag06_D9,Hiseq
RNBC1_QLMSP7_tag06_E10,Hiseq
RNBC1_QLMSP7_tag06_E11,Hiseq
RNBC1_QLMSP7_tag06_E12,Hiseq
RNBC1_QLMSP7_tag06_E1,Hiseq
RNBC1_QLMSP7_tag06_E2,Hiseq
RNBC1_QLMSP7_tag06_E3,Hiseq
RNBC1_QLMSP7_tag06_E4,Hiseq
RNBC1_QLMSP7_tag06_E5,Hiseq
RNBC1_QLMSP7_tag06_E6,Hiseq
RNBC1_QLMSP7_tag06_E7,Hiseq
RNBC1_QLMSP7_tag06_E8,Hiseq
RNBC1_QLMSP7_tag06_E9,Hiseq
RNBC1_QLMSP7_tag06_F10,Hiseq
RNBC1_QLMSP7_tag06_F11,Hiseq
RNBC1_QLMSP7_tag06_F12,Hiseq
RNBC1_QLMSP7_tag06_F1,Hiseq
RNBC1_QLMSP7_tag06_F2,Hiseq
RNBC1_QLMSP7_tag06_F4,Hiseq
RNBC1_QLMSP7_tag06_F5,Hiseq
RNBC1_QLMSP7_tag06_F6,Hiseq
RNBC1_QLMSP7_tag06_F7,Hiseq
RNBC1_QLMSP7_tag06_F8,Hiseq
RNBC1_QLMSP7_tag06_F9,Hiseq
RNBC1_QLMSP7_tag06_G10,Hiseq
RNBC1_QLMSP7_tag06_G11,Hiseq
RNBC1_QLMSP7_tag06_G12,Hiseq
RNBC1_QLMSP7_tag06_G1,Hiseq
RNBC1_QLMSP7_tag06_G2,Hiseq
RNBC1_QLMSP7_tag06_G3,Hiseq
RNBC1_QLMSP7_tag06_G4,Hiseq
RNBC1_QLMSP7_tag06_G5,Hiseq
RNBC1_QLMSP7_tag06_G6,Hiseq
RNBC1_QLMSP7_tag06_G7,Hiseq
RNBC1_QLMSP7_tag06_G8,Hiseq
RNBC1_QLMSP7_tag06_G9,Hiseq
RNBC1_QLMSP7_tag06_H10,Hiseq
RNBC1_QLMSP7_tag06_H11,Hiseq
RNBC1_QLMSP7_tag06_H12,Hiseq
RNBC1_QLMSP7_tag06_H1,Hiseq
RNBC1_QLMSP7_tag06_H2,Hiseq
RNBC1_QLMSP7_tag06_H3,Hiseq
RNBC1_QLMSP7_tag06_H4,Hiseq
RNBC1_QLMSP7_tag06_H5,Hiseq
RNBC1_QLMSP7_tag06_H6,Hiseq
RNBC1_QLMSP7_tag06_H7,Hiseq
RNBC1_QLMSP7_tag06_H8,Hiseq
RNBC1_QLMSP7_tag06_H9,Hiseq
RNMB1_FXBSP1_tag08_A10,Hiseq
RNMB1_FXBSP1_tag08_A11,Hiseq
RNMB1_FXBSP1_tag08_A12,Hiseq
RNMB1_FXBSP1_tag08_A1,Hiseq
RNMB1_FXBSP1_tag08_A2,Hiseq
RNMB1_FXBSP1_tag08_A3,Hiseq
RNMB1_FXBSP1_tag08_A4,Hiseq
RNMB1_FXBSP1_tag08_A5,Hiseq
RNMB1_FXBSP1_tag08_A6,Hiseq
RNMB1_FXBSP1_tag08_A7,Hiseq
RNMB1_FXBSP1_tag08_A8,Hiseq
RNMB1_FXBSP1_tag08_A9,Hiseq
RNMB1_FXBSP1_tag08_B10,Hiseq
RNMB1_FXBSP1_tag08_B11,Hiseq
RNMB1_FXBSP1_tag08_B12,Hiseq
RNMB1_FXBSP1_tag08_B1,Hiseq
RNMB1_FXBSP1_tag08_B2,Hiseq
RNMB1_FXBSP1_tag08_B3,Hiseq
RNMB1_FXBSP1_tag08_B4,Hiseq
RNMB1_FXBSP1_tag08_B5,Hiseq
RNMB1_FXBSP1_tag08_B6,Hiseq
RNMB1_FXBSP1_tag08_B7,Hiseq
RNMB1_FXBSP1_tag08_B8,Hiseq
RNMB1_FXBSP1_tag08_B9,Hiseq
RNMB1_FXBSP1_tag08_C10,Hiseq
RNMB1_FXBSP1_tag08_C11,Hiseq
RNMB1_FXBSP1_tag08_C12,Hiseq
RNMB1_FXBSP1_tag08_C1,Hiseq
RNMB1_FXBSP1_tag08_C2,Hiseq
RNMB1_FXBSP1_tag08_C3,Hiseq
RNMB1_FXBSP1_tag08_C4,Hiseq
RNMB1_FXBSP1_tag08_C5,Hiseq
RNMB1_FXBSP1_tag08_C6,Hiseq
RNMB1_FXBSP1_tag08_C7,Hiseq
RNMB1_FXBSP1_tag08_C8,Hiseq
RNMB1_FXBSP1_tag08_C9,Hiseq
RNMB1_FXBSP1_tag08_D10,Hiseq
RNMB1_FXBSP1_tag08_D11,Hiseq
RNMB1_FXBSP1_tag08_D12,Hiseq
RNMB1_FXBSP1_tag08_D1,Hiseq
RNMB1_FXBSP1_tag08_D2,Hiseq
RNMB1_FXBSP1_tag08_D3,Hiseq
RNMB1_FXBSP1_tag08_D4,Hiseq
RNMB1_FXBSP1_tag08_D5,Hiseq
RNMB1_FXBSP1_tag08_D6,Hiseq
RNMB1_FXBSP1_tag08_D7,Hiseq
RNMB1_FXBSP1_tag08_D8,Hiseq
RNMB1_FXBSP1_tag08_D9,Hiseq
RNMB1_FXBSP1_tag08_E10,Hiseq
RNMB1_FXBSP1_tag08_E11,Hiseq
RNMB1_FXBSP1_tag08_E12,Hiseq
RNMB1_FXBSP1_tag08_E1,Hiseq
RNMB1_FXBSP1_tag08_E2,Hiseq
RNMB1_FXBSP1_tag08_E3,Hiseq
RNMB1_FXBSP1_tag08_E4,Hiseq
RNMB1_FXBSP1_tag08_E5,Hiseq
RNMB1_FXBSP1_tag08_E6,Hiseq
RNMB1_FXBSP1_tag08_E7,Hiseq
RNMB1_FXBSP1_tag08_E8,Hiseq
RNMB1_FXBSP1_tag08_E9,Hiseq
RNMB1_FXBSP1_tag08_F10,Hiseq
RNMB1_FXBSP1_tag08_F11,Hiseq
RNMB1_FXBSP1_tag08_F12,Hiseq
RNMB1_FXBSP1_tag08_F1,Hiseq
RNMB1_FXBSP1_tag08_F2,Hiseq
RNMB1_FXBSP1_tag08_F3,Hiseq
RNMB1_FXBSP1_tag08_F4,Hiseq
RNMB1_FXBSP1_tag08_F5,Hiseq
RNMB1_FXBSP1_tag08_F6,Hiseq
RNMB1_FXBSP1_tag08_F7,Hiseq
RNMB1_FXBSP1_tag08_F8,Hiseq
RNMB1_FXBSP1_tag08_F9,Hiseq
RNMB1_FXBSP1_tag08_G10,Hiseq
RNMB1_FXBSP1_tag08_G11,Hiseq
RNMB1_FXBSP1_tag08_G12,Hiseq
RNMB1_FXBSP1_tag08_G1,Hiseq
RNMB1_FXBSP1_tag08_G2,Hiseq
RNMB1_FXBSP1_tag08_G3,Hiseq
RNMB1_FXBSP1_tag08_G4,Hiseq
RNMB1_FXBSP1_tag08_G5,Hiseq
RNMB1_FXBSP1_tag08_G6,Hiseq
RNMB1_FXBSP1_tag08_G7,Hiseq
RNMB1_FXBSP1_tag08_G8,Hiseq
RNMB1_FXBSP1_tag08_G9,Hiseq
RNMB1_FXBSP1_tag08_H10,Hiseq
RNMB1_FXBSP1_tag08_H11,Hiseq
RNMB1_FXBSP1_tag08_H12,Hiseq
RNMB1_FXBSP1_tag08_H1,Hiseq
RNMB1_FXBSP1_tag08_H2,Hiseq
RNMB1_FXBSP1_tag08_H3,Hiseq
RNMB1_FXBSP1_tag08_H4,Hiseq
RNMB1_FXBSP1_tag08_H5,Hiseq
RNMB1_FXBSP1_tag08_H6,Hiseq
RNMB1_FXBSP1_tag08_H7,Hiseq
RNMB1_FXBSP1_tag08_H8,Hiseq
RNMB1_FXBSP1_tag08_H9,Hiseq
RNMB1_FXBSP2_tag18_A10,Hiseq
RNMB1_FXBSP2_tag18_A11,Hiseq
RNMB1_FXBSP2_tag18_A12,Hiseq
RNMB1_FXBSP2_tag18_A1,Hiseq
RNMB1_FXBSP2_tag18_A2,Hiseq
RNMB1_FXBSP2_tag18_A3,Hiseq
RNMB1_FXBSP2_tag18_A4,Hiseq
RNMB1_FXBSP2_tag18_A5,Hiseq
RNMB1_FXBSP2_tag18_A6,Hiseq
RNMB1_FXBSP2_tag18_A7,Hiseq
RNMB1_FXBSP2_tag18_A8,Hiseq
RNMB1_FXBSP2_tag18_A9,Hiseq
RNMB1_FXBSP2_tag18_B10,Hiseq
RNMB1_FXBSP2_tag18_B11,Hiseq
RNMB1_FXBSP2_tag18_B12,Hiseq
RNMB1_FXBSP2_tag18_B1,Hiseq
RNMB1_FXBSP2_tag18_B2,Hiseq
RNMB1_FXBSP2_tag18_B3,Hiseq
RNMB1_FXBSP2_tag18_B4,Hiseq
RNMB1_FXBSP2_tag18_B5,Hiseq
RNMB1_FXBSP2_tag18_B6,Hiseq
RNMB1_FXBSP2_tag18_B7,Hiseq
RNMB1_FXBSP2_tag18_B8,Hiseq
RNMB1_FXBSP2_tag18_B9,Hiseq
RNMB1_FXBSP2_tag18_C10,Hiseq
RNMB1_FXBSP2_tag18_C11,Hiseq
RNMB1_FXBSP2_tag18_C12,Hiseq
RNMB1_FXBSP2_tag18_C1,Hiseq
RNMB1_FXBSP2_tag18_C2,Hiseq
RNMB1_FXBSP2_tag18_C3,Hiseq
RNMB1_FXBSP2_tag18_C4,Hiseq
RNMB1_FXBSP2_tag18_C5,Hiseq
RNMB1_FXBSP2_tag18_C6,Hiseq
RNMB1_FXBSP2_tag18_C7,Hiseq
RNMB1_FXBSP2_tag18_C8,Hiseq
RNMB1_FXBSP2_tag18_C9,Hiseq
RNMB1_FXBSP2_tag18_D10,Hiseq
RNMB1_FXBSP2_tag18_D11,Hiseq
RNMB1_FXBSP2_tag18_D12,Hiseq
RNMB1_FXBSP2_tag18_D1,Hiseq
RNMB1_FXBSP2_tag18_D2,Hiseq
RNMB1_FXBSP2_tag18_D3,Hiseq
RNMB1_FXBSP2_tag18_D4,Hiseq
RNMB1_FXBSP2_tag18_D5,Hiseq
RNMB1_FXBSP2_tag18_D6,Hiseq
RNMB1_FXBSP2_tag18_D7,Hiseq
RNMB1_FXBSP2_tag18_D8,Hiseq
RNMB1_FXBSP2_tag18_D9,Hiseq
RNMB1_FXBSP2_tag18_E10,Hiseq
RNMB1_FXBSP2_tag18_E11,Hiseq
RNMB1_FXBSP2_tag18_E12,Hiseq
RNMB1_FXBSP2_tag18_E1,Hiseq
RNMB1_FXBSP2_tag18_E2,Hiseq
RNMB1_FXBSP2_tag18_E3,Hiseq
RNMB1_FXBSP2_tag18_E4,Hiseq
RNMB1_FXBSP2_tag18_E5,Hiseq
RNMB1_FXBSP2_tag18_E6,Hiseq
RNMB1_FXBSP2_tag18_E7,Hiseq
RNMB1_FXBSP2_tag18_E8,Hiseq
RNMB1_FXBSP2_tag18_E9,Hiseq
RNMB1_FXBSP2_tag18_F10,Hiseq
RNMB1_FXBSP2_tag18_F11,Hiseq
RNMB1_FXBSP2_tag18_F12,Hiseq
RNMB1_FXBSP2_tag18_F1,Hiseq
RNMB1_FXBSP2_tag18_F2,Hiseq
RNMB1_FXBSP2_tag18_F3,Hiseq
RNMB1_FXBSP2_tag18_F4,Hiseq
RNMB1_FXBSP2_tag18_F5,Hiseq
RNMB1_FXBSP2_tag18_F6,Hiseq
RNMB1_FXBSP2_tag18_F7,Hiseq
RNMB1_FXBSP2_tag18_F8,Hiseq
RNMB1_FXBSP2_tag18_F9,Hiseq
RNMB1_FXBSP2_tag18_G10,Hiseq
RNMB1_FXBSP2_tag18_G11,Hiseq
RNMB1_FXBSP2_tag18_G12,Hiseq
RNMB1_FXBSP2_tag18_G1,Hiseq
RNMB1_FXBSP2_tag18_G2,Hiseq
RNMB1_FXBSP2_tag18_G3,Hiseq
RNMB1_FXBSP2_tag18_G4,Hiseq
RNMB1_FXBSP2_tag18_G5,Hiseq
RNMB1_FXBSP2_tag18_G6,Hiseq
RNMB1_FXBSP2_tag18_G7,Hiseq
RNMB1_FXBSP2_tag18_G8,Hiseq
RNMB1_FXBSP2_tag18_G9,Hiseq
RNMB1_FXBSP2_tag18_H10,Hiseq
RNMB1_FXBSP2_tag18_H11,Hiseq
RNMB1_FXBSP2_tag18_H12,Hiseq
RNMB1_FXBSP2_tag18_H1,Hiseq
RNMB1_FXBSP2_tag18_H2,Hiseq
RNMB1_FXBSP2_tag18_H3,Hiseq
RNMB1_FXBSP2_tag18_H4,Hiseq
RNMB1_FXBSP2_tag18_H5,Hiseq
RNMB1_FXBSP2_tag18_H6,Hiseq
RNMB1_FXBSP2_tag18_H7,Hiseq
RNMB1_FXBSP2_tag18_H8,Hiseq
RNMB1_FXBSP2_tag18_H9,Hiseq
RNMB1_FXBSP3_tag42_A10,Hiseq
RNMB1_FXBSP3_tag42_A11,Hiseq
RNMB1_FXBSP3_tag42_A12,Hiseq
RNMB1_FXBSP3_tag42_A1,Hiseq
RNMB1_FXBSP3_tag42_A2,Hiseq
RNMB1_FXBSP3_tag42_A3,Hiseq
RNMB1_FXBSP3_tag42_A4,Hiseq
RNMB1_FXBSP3_tag42_A5,Hiseq
RNMB1_FXBSP3_tag42_A6,Hiseq
RNMB1_FXBSP3_tag42_A7,Hiseq
RNMB1_FXBSP3_tag42_A8,Hiseq
RNMB1_FXBSP3_tag42_A9,Hiseq
RNMB1_FXBSP3_tag42_B10,Hiseq
RNMB1_FXBSP3_tag42_B11,Hiseq
RNMB1_FXBSP3_tag42_B12,Hiseq
RNMB1_FXBSP3_tag42_B1,Hiseq
RNMB1_FXBSP3_tag42_B2,Hiseq
RNMB1_FXBSP3_tag42_B3,Hiseq
RNMB1_FXBSP3_tag42_B4,Hiseq
RNMB1_FXBSP3_tag42_B5,Hiseq
RNMB1_FXBSP3_tag42_B6,Hiseq
RNMB1_FXBSP3_tag42_B7,Hiseq
RNMB1_FXBSP3_tag42_B8,Hiseq
RNMB1_FXBSP3_tag42_B9,Hiseq
RNMB1_FXBSP3_tag42_C10,Hiseq
RNMB1_FXBSP3_tag42_C11,Hiseq
RNMB1_FXBSP3_tag42_C12,Hiseq
RNMB1_FXBSP3_tag42_C1,Hiseq
RNMB1_FXBSP3_tag42_C2,Hiseq
RNMB1_FXBSP3_tag42_C3,Hiseq
RNMB1_FXBSP3_tag42_C4,Hiseq
RNMB1_FXBSP3_tag42_C5,Hiseq
RNMB1_FXBSP3_tag42_C6,Hiseq
RNMB1_FXBSP3_tag42_C7,Hiseq
RNMB1_FXBSP3_tag42_C8,Hiseq
RNMB1_FXBSP3_tag42_C9,Hiseq
RNMB1_FXBSP3_tag42_D10,Hiseq
RNMB1_FXBSP3_tag42_D11,Hiseq
RNMB1_FXBSP3_tag42_D12,Hiseq
RNMB1_FXBSP3_tag42_D1,Hiseq
RNMB1_FXBSP3_tag42_D2,Hiseq
RNMB1_FXBSP3_tag42_D3,Hiseq
RNMB1_FXBSP3_tag42_D4,Hiseq
RNMB1_FXBSP3_tag42_D5,Hiseq
RNMB1_FXBSP3_tag42_D6,Hiseq
RNMB1_FXBSP3_tag42_D7,Hiseq
RNMB1_FXBSP3_tag42_D8,Hiseq
RNMB1_FXBSP3_tag42_D9,Hiseq
RNMB1_FXBSP3_tag42_E10,Hiseq
RNMB1_FXBSP3_tag42_E11,Hiseq
RNMB1_FXBSP3_tag42_E12,Hiseq
RNMB1_FXBSP3_tag42_E1,Hiseq
RNMB1_FXBSP3_tag42_E2,Hiseq
RNMB1_FXBSP3_tag42_E3,Hiseq
RNMB1_FXBSP3_tag42_E4,Hiseq
RNMB1_FXBSP3_tag42_E5,Hiseq
RNMB1_FXBSP3_tag42_E6,Hiseq
RNMB1_FXBSP3_tag42_E7,Hiseq
RNMB1_FXBSP3_tag42_E8,Hiseq
RNMB1_FXBSP3_tag42_E9,Hiseq
RNMB1_FXBSP3_tag42_F10,Hiseq
RNMB1_FXBSP3_tag42_F11,Hiseq
RNMB1_FXBSP3_tag42_F12,Hiseq
RNMB1_FXBSP3_tag42_F1,Hiseq
RNMB1_FXBSP3_tag42_F2,Hiseq
RNMB1_FXBSP3_tag42_F3,Hiseq
RNMB1_FXBSP3_tag42_F4,Hiseq
RNMB1_FXBSP3_tag42_F5,Hiseq
RNMB1_FXBSP3_tag42_F6,Hiseq
RNMB1_FXBSP3_tag42_F7,Hiseq
RNMB1_FXBSP3_tag42_F8,Hiseq
RNMB1_FXBSP3_tag42_F9,Hiseq
RNMB1_FXBSP3_tag42_G10,Hiseq
RNMB1_FXBSP3_tag42_G11,Hiseq
RNMB1_FXBSP3_tag42_G12,Hiseq
RNMB1_FXBSP3_tag42_G1,Hiseq
RNMB1_FXBSP3_tag42_G2,Hiseq
RNMB1_FXBSP3_tag42_G3,Hiseq
RNMB1_FXBSP3_tag42_G4,Hiseq
RNMB1_FXBSP3_tag42_G5,Hiseq
RNMB1_FXBSP3_tag42_G6,Hiseq
RNMB1_FXBSP3_tag42_G7,Hiseq
RNMB1_FXBSP3_tag42_G8,Hiseq
RNMB1_FXBSP3_tag42_G9,Hiseq
RNMB1_FXBSP3_tag42_H10,Hiseq
RNMB1_FXBSP3_tag42_H11,Hiseq
RNMB1_FXBSP3_tag42_H12,Hiseq
RNMB1_FXBSP3_tag42_H1,Hiseq
RNMB1_FXBSP3_tag42_H2,Hiseq
RNMB1_FXBSP3_tag42_H3,Hiseq
RNMB1_FXBSP3_tag42_H4,Hiseq
RNMB1_FXBSP3_tag42_H5,Hiseq
RNMB1_FXBSP3_tag42_H6,Hiseq
RNMB1_FXBSP3_tag42_H7,Hiseq
RNMB1_FXBSP3_tag42_H8,Hiseq
RNMB1_FXBSP3_tag42_H9,Hiseq
RNMB2_FXBSP4_tag07_A10,Hiseq
RNMB2_FXBSP4_tag07_A11,Hiseq
RNMB2_FXBSP4_tag07_A12,Hiseq
RNMB2_FXBSP4_tag07_B10,Hiseq
RNMB2_FXBSP4_tag07_B11,Hiseq
RNMB2_FXBSP4_tag07_B12,Hiseq
RNMB2_FXBSP4_tag07_C10,Hiseq
RNMB2_FXBSP4_tag07_C11,Hiseq
RNMB2_FXBSP4_tag07_C12,Hiseq
RNMB2_FXBSP4_tag07_C9,Hiseq
RNMB2_FXBSP4_tag07_D10,Hiseq
RNMB2_FXBSP4_tag07_D11,Hiseq
RNMB2_FXBSP4_tag07_D12,Hiseq
RNMB2_FXBSP4_tag07_D9,Hiseq
RNMB2_FXBSP4_tag07_E10,Hiseq
RNMB2_FXBSP4_tag07_E11,Hiseq
RNMB2_FXBSP4_tag07_E12,Hiseq
RNMB2_FXBSP4_tag07_E9,Hiseq
RNMB2_FXBSP4_tag07_F10,Hiseq
RNMB2_FXBSP4_tag07_F11,Hiseq
RNMB2_FXBSP4_tag07_F12,Hiseq
RNMB2_FXBSP4_tag07_F9,Hiseq
RNMB2_FXBSP4_tag07_G10,Hiseq
RNMB2_FXBSP4_tag07_G11,Hiseq
RNMB2_FXBSP4_tag07_G12,Hiseq
RNMB2_FXBSP4_tag07_G9,Hiseq
RNMB2_FXBSP4_tag07_H10,Hiseq
RNMB2_FXBSP4_tag07_H11,Hiseq
RNMB2_FXBSP4_tag07_H12,Hiseq
RNMB2_FXBSP4_tag07_H9,Hiseq
